date,mse,std,corr,max_power,weather,cond
20170912,0.0008394312973443917,0.0005551201806699243,0.9797539470000991,234.6611111111111,0,1
20170913,0.0008677090834527963,0.0003979084613840338,0.986400965976556,248.43977777777778,1,1
20170914,0.006031874931265983,0.0027643974323974265,0.9006578097696148,159.2921111111111,1,0
20170915,0.0023605294651465273,0.0016837902775562789,0.973641275091793,248.11433333333332,4,1
20170916,0.003014880736960841,0.001952333405934333,0.9475015495685275,236.27733333333333,4,1
20170917,0.0016613474253484002,0.0008594817731324905,0.9808066947452201,218.72255555555554,4,1
20170918,0.0014844073777082053,0.0011335774207620619,0.9851409866572902,222.02644444444442,4,1
20170919,0.005715857853399356,0.0037794476297567103,0.8577064744337857,170.15033333333338,4,0
20170920,0.010097653960924588,0.008005008369584557,0.4169202610526083,135.71666666666667,1,0
20170921,0.0028951153230369936,0.001974302357121729,0.9845813220030003,211.45666666666668,3,1
20170922,0.003806794983255728,0.004270775524245524,0.9852792158050934,227.6226666666667,1,0
20170923,0.009830390485749256,0.0217976139121257,0.819016128623864,224.69977777777777,4,0
20170924,0.010534576641433287,0.023959325636404787,0.8151031942167848,211.25355555555558,0,0
20170925,0.0016210158624856493,0.0017160880045073979,0.9868241335596419,208.06944444444446,0,1
20170926,0.003735902285031638,0.0028086924456454544,0.9675441387376125,198.59677777777776,4,1
20170927,0.002968962777211875,0.0021926805617324603,0.9843459400932638,206.339,0,1
20170928,0.0032639120840966627,0.0026773574193207253,0.9750607696621842,238.0871111111111,0,0
20170929,0.004524699950889492,0.00452139667323561,0.9112221618876066,228.69411111111108,0,0
20170930,0.010668731651405937,0.009096027416195767,0.2504533710091752,34.178555555555555,1,0
20171001,0.004242540119900853,0.0018537906438637003,0.9737816100503742,232.97866666666667,0,1
20171002,0.0022765845077124297,0.001355083583132981,0.9858211816176401,227.91066666666666,0,1
20171003,0.009651811293874763,0.0194698709073021,0.8408555454663139,219.70988888888888,0,0
20171004,0.00370637251943979,0.0031258631138075532,0.9459636916249597,216.60255555555554,0,0
20171005,0.004545902476828094,0.004276485050441974,0.9520690954670119,223.94355555555558,0,0
20171006,0.007797718775213337,0.004583787354836342,0.9329324774870811,118.50533333333334,3,0
20171007,0.0017002191873840874,0.0006934795855991317,0.9661061028748071,94.66222222222221,3,1
20171008,0.005845745672451169,0.0025790888267774796,0.8725614216110104,132.8571111111111,1,0
20171009,0.002559870380997457,0.0017557743455893736,0.9745019558537318,59.355111111111114,4,1
20171010,0.006765758794136231,0.0013127450330689212,0.9468411579426531,214.07366666666667,0,0
20171011,0.0018443965908303322,0.00042963288121449997,0.9904870674172859,161.12244444444443,3,1
20171012,0.005404511217274784,0.008330630215753575,0.9112105357491037,213.91022222222222,0,0
20171013,0.005464130537504371,0.00494786628318082,0.9563530543562673,215.6698888888889,0,0
20171014,0.02060933618669315,0.004838373115213139,0.9416369630196919,205.36055555555558,1,0
20171015,0.003232285206997164,0.002496951531418131,0.9503166879031253,195.5382222222222,4,0
20171016,0.006361021954336114,0.0043717651687079475,0.8036047480276459,140.45033333333333,3,0
20171017,0.005618752148295523,0.004999732200529545,0.9090250495625085,213.29188888888888,0,0
20171018,0.010767419292083535,0.006099438213602854,0.8667371563795575,198.495,0,0
20171019,0.0074027536221248115,0.0038748648668159432,0.8601283338895207,200.73544444444445,0,0
20171020,0.011894770800562931,0.008356544785474694,0.8469319821988137,200.615,0,0
20171021,0.006604255384512329,0.0063127803410901245,0.777133066475032,195.1687777777778,0,0
20171022,0.004524468299860356,0.0012649058417583525,0.9192488763813002,175.81884630000002,0,0
20171023,0.026532928439319745,0.005630442352378166,0.9089103449867434,188.26244444444444,4,0
20171024,0.014721334319500632,0.001818483107616385,0.9632362016192376,159.39888888888893,1,0
20171025,0.009131129845188575,0.002676395444724708,0.9262360288291478,108.15911111111112,1,0
20171026,0.01504386826383037,0.0035527249604828176,0.8418537358920231,65.91833333333335,1,0
20171027,0.03180549612568272,0.01899563647927211,0.915911787098272,193.05777777777777,0,0
20171028,0.004388965769309157,0.0016051961812333295,0.9155958946014151,192.267,0,0
20171029,0.018866218606728748,0.029604025193462252,0.3163933633205126,18.98611111111111,1,0
20171030,0.005480233721922925,0.0042411707227474615,0.926673525011094,67.7998888888889,1,0
20171031,0.011580463222885624,0.019741173319257673,0.809880086225787,174.5781111111111,0,0
20171101,0.004006965138584058,0.0014755361850800485,0.9469573658807313,137.63066666666663,0,0
20171102,0.006240672328595982,0.003423924582564068,0.9235072129477478,69.81411111111112,3,0
20171103,0.010173638557355221,0.002691703183100621,0.783038346798683,83.05855555555556,1,0
20171104,0.005044293725698371,0.0041571292318797574,0.9611947535668696,152.71170369999996,0,0
20171105,0.004990651628972678,0.00465511664626532,0.889309821061132,91.30733333333333,5,0
20171106,0.004806604333474412,0.0026448656725563584,0.9041551989694755,47.89777777777778,1,0
20171107,0.01792448423277422,0.0003833458318028333,0.9970251055581274,169.31755555555554,1,1
20171108,0.004401134253424275,0.0022059115671446542,0.9351931307494397,187.85777777777778,1,0
20171109,0.006042450867498368,0.0018169934946696185,0.948039478311601,183.39377777777779,0,0
20171110,0.0035843579512072213,0.0021471508852854825,0.9303434879726136,198.79366666666664,1,0
20171111,0.013036618737334952,0.00993442832884424,0.7274264287938527,192.45466666666667,0,0
20171112,0.005369284110981692,0.0021581256065928505,0.929593193042363,181.1828888888889,0,0
20171113,0.004753890554323462,0.0017359545437008713,0.90880359162656,53.18933333333333,1,0
20171114,0.011232076483280385,0.005868352221010541,0.25149497805546206,21.536259259222224,5,0
20171115,0.016566045771668907,0.00436167957869478,0.8709792377935425,175.38377777777777,0,0
20171116,0.013641872639029405,0.0188819928165551,0.6858034037916083,61.50922222222222,1,0
20171117,0.0021545515975577505,0.0004727102790149882,0.9547689508103588,197.01077777777778,0,0
20171118,0.007670761836345269,0.013198821234848349,0.7935831732459272,75.77877777777778,1,0
20171119,0.008167716723765307,0.008176306614306562,0.9125521276098891,72.98455555555556,1,0
20171120,0.009374545624788297,0.0032184651418944426,0.8391152576665406,142.90722222222223,0,0
20171121,0.036248936701105766,0.014175491617846541,0.8491816690823936,168.4741111111111,0,0
20171122,0.008236001829288363,0.012889048708379352,0.7761099684225767,55.339777777777776,1,0
20171123,0.006231210695299942,0.0017937735618283992,0.7845211788645859,144.0511111111111,0,0
20171124,0.00809130285160656,0.007261068807975225,0.8175642105684265,169.51955555555554,0,0
20171125,0.01724363910184189,0.007606903463733401,0.7823530791086153,142.96244444444446,0,0
20171126,0.01067552895046511,0.004169783400829476,0.7523222445866956,122.11322222222222,0,0
20171127,0.008040327016079181,0.002286551022162725,0.7764634872330737,110.81255555555553,3,0
20171128,0.0064292487096902235,0.004927577460355854,0.5902650246725584,147.98944444444444,0,0
20171129,0.005087739215766424,0.00165298238608977,0.8820927800629581,142.62533333333334,0,0
20171130,0.002352283855068414,0.0010827419393822056,0.8950312523883485,125.88255555555556,0,0
20171201,0.011810475661350383,0.002331481008254864,0.8928384883940268,90.34933333333333,1,0
20171202,0.00898533979193046,0.01995150989992058,0.6670145583759056,71.63277777777779,5,0
20171203,0.00979965930932823,0.009763969154420573,-0.19702199401733517,58.51122222222222,5,0
20171204,0.021390728525163643,0.01885340798830856,-0.05672760994093117,122.01133333333331,0,0
20171205,0.013803047374800115,0.008830651782214698,0.4755288163779446,4.930444444444444,1,0
20171206,0.013737556703605889,0.006895615233589324,0.8340409286618667,130.8117777777778,1,0
20171207,0.007093275359456502,0.013036755949770112,0.6818335348795691,71.70311111111111,0,0
20171208,0.0066174810020923165,0.003172068010365233,0.8893216356817875,96.06877777777778,0,0
20171209,0.006168057331057849,0.004416094288374335,0.5144429388968215,22.277555555555555,2,0
20171210,0.024553249166715918,0.019558661993423997,0.30084184960490873,2.684367018666667,1,0
20171211,0.015146248830085208,0.010724966449752132,0.45454801887958923,2.589222222222222,1,0
20171219,0.06353394187424814,0.029276627425985118,-0.8018872960857979,20.327985089,5,0
20171220,0.004618509549067164,0.002554436989502518,0.7707517680780636,26.951,3,0
20171221,0.00641705641213972,0.004665945596651834,-0.03937230064596223,60.977444444444444,0,0
20171223,0.00752523711616475,0.007045123252188097,0.005464227518959404,8.421666666666667,4,0
20171224,0.010855171227495124,0.02371359167061761,0.2373141814261354,62.00966666666667,1,0
20171226,,,-0.8532055623930516,2.4986121693333327,2,0
20180102,,,-1.0,0.7456932992222224,0,0
20180103,0.34685484315155746,0.11836812283387387,0.5268850301661206,1.688616402,0,0
20180112,0.03796453589679576,0.025834514913174615,0.2749228001225081,15.144555555555558,4,0
20180113,0.004418983470255344,0.003866946275924509,0.9050643303687169,45.302,1,0
20180114,0.05961719068882776,0.011840664379867803,0.921108023068205,4.043396039111111,3,0
20180115,0.01813573529815233,0.034762360575510964,0.707413160580429,6.519666666666667,5,0
20180116,0.0029032397953802458,0.003511663705992339,0.5840602421488926,10.139444444444443,5,0
20180121,0.032855114183828235,0.032992199836043505,-0.42316497515412904,1.966,0,0
20180122,0.014469978485158602,0.014256387794651907,0.4217838117939847,4.287888888888888,1,0
20180123,0.00774746098912121,0.004362142019151664,0.8850169902817351,50.946555555555555,4,0
20180124,0.0034815054242535747,0.0017412339585030016,0.9532818005166689,168.62177777777777,0,0
20180125,0.003117360214874438,0.0009612328904612421,0.8544777178632839,189.68477777777778,0,0
20180126,0.00652025189073344,0.003264609200457898,0.736038571371366,187.07555555555555,0,0
20180127,0.003912005993671192,0.001414175678803854,0.8557690407050507,170.19111111111113,0,0
20180128,0.00033165110251775934,4.879625146276701e-05,0.9968275255862109,72.60322222222223,1,1
20180129,0.002606212897294449,0.0013389796212523724,0.948117383781944,187.0891111111111,5,1
20180130,0.0008081605308828438,0.0006586008803365863,0.9892304399799213,71.56044444444446,4,1
20180131,0.0014869929645052553,0.0005612609164476291,0.8307247283710053,198.02477777777779,0,0
20180201,0.006690066643757066,0.0027007582982789486,0.6501317832838263,4.505665440666667,1,0
20180202,0.00466845546952089,0.0017088482158299602,0.7633221906426884,12.715444444444445,2,0
20180203,0.005627137806895141,0.002724377459805944,0.875331388268269,19.16361111111111,2,0
20180204,0.006082472508482425,0.005878475954417319,-0.20518648537348222,13.888385276666668,1,0
20180205,0.004328463035938202,0.0030427509186873904,0.9125799514958883,39.14344444444444,4,0
20180206,0.002315018745814486,0.0013304255752630675,0.8169059865942107,7.603259259222223,3,0
20180208,0.006845616498898851,0.001955359585258055,0.48491001457066285,3.3731111111111116,2,0
20180209,0.010243480691876299,0.009909556656157548,-0.0805441244551662,1.635777777777778,2,0
20180210,0.0029683903520235735,0.0016020144043194,0.21859471339184097,11.101999999999999,1,0
20180211,0.00026817155688717346,4.900739829107355e-05,0.9904961590995679,34.50655555555555,1,0
20180212,0.0018511217454309167,0.0007792808183426396,0.9715404740556418,140.96011111111113,4,1
20180213,0.007734393522624953,0.002311804550134528,0.9131745480308356,215.09188888888886,0,0
20180214,0.003299008457045215,0.0009294847642293434,0.8246293078300445,66.52977777777778,0,0
20180215,0.0005476197108725953,8.868671187156832e-05,0.9891456383191956,87.46355555555554,0,1
20180216,0.0009666090773854802,0.00035288524720697716,0.9730548591374295,33.278222222222226,4,0
20180217,0.0023243428746534886,0.0011438066456234328,0.9640085527122132,222.98233333333332,4,1
20180218,0.011110730644247925,0.0056511203690998955,0.04401468233787807,37.05777777777777,2,0
20180219,0.001549187780962373,0.0007733351709291893,0.03795394860527492,112.73866666666666,1,0
20180220,0.006600664693938516,0.003071596237793181,0.8906897851645479,175.07611111111112,1,0
20180221,0.006683781699085825,0.0027910321472031717,0.8533434296433736,190.80066666666664,0,0
20180222,0.002069757666220151,0.0011498494849055112,0.9370783297332435,38.66977777777778,2,0
20180223,0.002484522739934749,0.0012116861343452055,0.4059038956218543,19.627555555555556,1,0
20180224,0.0005787440391780195,0.00018233041766037997,0.9900923803160748,71.30122222222224,2,1
20180225,0.0009021006304275302,0.000362458106339504,0.7983174670675395,23.136333333333333,2,0
20180226,0.004992195217272922,0.0021705578645021925,0.9375788722420344,219.33477777777776,4,0
20180227,0.002446503121656012,0.0011359767545858451,0.9560581817616401,227.23155555555556,2,1
20180228,0.004321236642442773,0.0025764721428512428,0.8319830444722114,213.92344444444447,0,0
20180301,0.0019927643329587384,0.0004807189682737168,0.9916634040895177,196.51744444444444,0,1
20180302,0.03804993203084873,0.01954835139431524,-0.6607383749221722,2.7698225414444444,2,0
20180306,0.007245806900597203,0.006822588254687318,0.044507642272916,8.32888888888889,5,0
20180323,0.013983610401153637,0.01508855489512704,-0.2290121065818594,3.0376666666666665,2,0
20180324,0.00496276972748557,0.003272104845152437,0.39776356881105945,53.69133333333334,2,0
20180325,0.005437769469367186,0.00338341330528745,0.5569358738975142,122.68522222222221,2,0
20180326,0.0010141062880813288,0.0003844459364854789,0.42227663218911815,238.00344444444443,2,0
20180327,0.0008610634778555934,0.0007995926139630071,0.9861002632644892,229.54644444444446,2,1
20180328,0.0008223322715256299,0.0003718235519724745,0.9897807192775145,140.02777777777777,1,1
20180329,0.0003750579034659713,9.10025190649372e-05,0.9936278372937349,67.70611111111111,1,1
20180330,0.0005422540986648958,0.00030040744490646484,0.9901498020352263,50.470222222222226,4,1
20180331,0.001162197969201627,0.0014081275870959954,0.90303228178555,270.88244444444445,0,0
20180401,0.0005646020526548517,0.00013270897078509748,0.9908487295131054,282.2414444444444,3,1
20180402,0.00139003235767015,0.00048737564150110247,0.9740223375733749,291.8883333333334,2,1
20180403,0.0025571810651685654,0.00012989917254858737,0.9932738728090181,224.51233333333334,1,1
20180404,0.00070706293361263,0.00028166172820131674,0.951295668733422,108.15711111111112,4,1
20180405,0.0013513140092867191,0.0006846948136715143,0.8972362742228859,287.27844444444446,0,0
20180406,0.0031906244730854944,0.002551833951778579,0.6916487037201885,115.10033333333334,2,0
20180407,0.0022466343341226744,0.0005202552170966741,0.9402925556989551,151.72500000000002,2,1
20180408,0.001039073088628231,0.00045004387625182925,0.9254738641334285,276.3064444444445,2,1
20180409,0.0007678079800806581,0.0007234151703891746,0.9423416405003415,279.0445555555555,2,1
20180410,0.0024753413954344333,0.0015824307837649916,0.9663727753885403,192.97033333333334,5,1
20180411,0.0012627406373445257,0.0005788570525638499,0.968347254536396,280.38933333333335,3,1
20180412,0.0009285494260262894,0.00037797201916819396,0.974262286814724,212.83588888888892,1,1
20180413,0.0028737372323466327,0.0006058776436722373,0.947031999066533,243.33577777777776,0,1
20180414,0.0011667300767596754,0.00027727662444042116,0.9826058921123305,262.0648888888889,5,1
20180415,0.0005970889662296081,0.00017269124868300406,0.9877701749150627,37.62700000000001,1,0
20180416,0.0014912532557046505,0.0006784526769796246,0.8479934445226254,112.36244444444444,1,0
20180417,0.002752034876014748,0.0008736201670247797,0.919333470429876,188.31422222222224,3,1
20180418,0.0008015381764796949,0.0002420511590662592,0.9753489784167085,184.43977777777778,3,1
20180419,0.0011997190412334226,0.0003932724530675713,0.9730719612385066,131.32344444444445,2,1
20180420,0.0006197988665906159,0.0002960985784513768,0.9808007563136245,253.93511111111113,2,1
20180421,0.0011454417351496413,0.0006009579340740009,0.9394157012172875,285.89700000000005,2,1
20180422,0.0012618428850541274,0.0008398024499316067,0.9458667364143452,285.3358888888889,0,1
20180423,0.0012953217206367726,0.0007654242890858708,0.9468599654475517,283.4468888888889,0,1
20180424,0.0009546644040569874,0.0006265556524704953,0.9820706990907377,282.8507777777778,0,1
20180425,0.0006012135343331063,0.00048730764263459596,0.9495069644053085,52.17677777777777,1,1
20180426,0.0005609662773330096,0.00023045707671089487,0.9752052149539575,268.15155555555555,4,1
20180427,0.0009075972087763901,8.92121069022157e-05,0.987576451324647,108.82088888888889,4,1
20180428,0.002248818544989221,0.0006818953365921553,0.9151613045834398,268.2505555555556,4,0
20180429,0.0009365262674780515,0.0001554453767645832,0.9608052020590669,117.41577777777778,1,1
20180430,0.000402401556660533,8.952876084172914e-05,0.9909033196618825,73.6528888888889,1,1
20180502,0.001098459663404364,0.0006872096311732234,0.9766676768532314,269.0662222222222,0,1
20180503,0.001987327853375419,0.000817310902855016,0.9297187233238903,209.98211111111112,1,1
20180504,0.0013750822078787979,0.0004908554798538836,0.978408616369974,224.03655555555557,1,1
20180505,0.0006853082475537176,0.00012134847039563358,0.9941996325104473,295.20688888888895,0,1
20180506,0.0013447898530571925,0.0004773437427305814,0.9586765284928009,49.26833333333334,1,1
20180507,0.0005646776524374565,0.00027951542347137123,0.9845025245260336,266.29888888888894,1,1
20180508,0.0015897021157806235,0.0005368588227085894,0.9267462045134699,289.8643333333333,4,1
20180509,0.0019907774778266337,0.0009277762110737318,0.9669717687315705,265.15833333333336,4,1
20180510,0.0022880061414890882,0.0016749487966190302,0.9017055283076226,254.5717777777778,4,0
20180511,0.00040586179656536465,0.0002306198500095304,0.9926334132834451,288.34166666666664,0,1
20180512,0.00028391871040662814,4.2154279773724936e-05,0.9952319036543092,83.62566666666666,4,1
20180513,0.0004586747016481321,0.0002478981062953197,0.9885285845738897,285.94377777777777,4,1
20180514,0.0009662258397681307,0.000497840622788958,0.9797214747419493,239.31044444444444,0,1
20180515,0.0013372589858176307,0.0006806833198047215,0.9033879293201642,267.27166666666665,1,0
20180516,0.0023933800813012735,0.00403151002894924,0.27704847786982645,240.74599999999998,3,0
20180517,0.001346660626345684,0.0007604847597018821,0.977502531206416,264.73044444444446,5,1
20180518,0.0018703977621478888,0.0020091936054043515,0.9384945814223273,286.9107777777778,0,1
20180519,0.000895837186434456,0.00032794052507053646,0.9783972433925834,84.76855555555557,1,1
20180520,0.0012289438580176467,0.0001292465708610386,0.9821772651482202,221.89755555555556,1,1
20180521,0.003515680966173567,0.0014920623105924488,0.8661350932940339,275.1132666666666,0,0
20180522,0.0003012804025732029,3.90905112062895e-05,0.9896491163006211,72.89922222222224,1,1
20180523,0.00179308352433783,0.0014886933382845036,0.9624908494626114,275.00444444444446,1,1
20180524,0.0022347654650744972,0.0014939085770093092,0.9110375931460208,286.5314444444445,0,0
20180525,0.0021890434482973167,0.0017301062327266996,0.9400722154702084,258.4101111111111,0,1
20180526,0.0015501293102896745,0.0007092143558637157,0.9271641767501848,264.3271111111111,0,1
20180527,0.0007484063372115026,0.00045374712662962,0.9842751284309246,42.93655555555555,5,0
20180528,0.0014613999841516466,0.0006651447439768574,0.9747014656366911,190.53022222222222,1,1
20180529,0.0019492175345648865,0.0008842740454193034,0.9527831435060535,256.73800000000006,0,1
20180530,0.003109916433866689,0.0013818028265061746,0.9268400659415014,270.8388888888889,0,1
20180531,0.002000306150961603,0.0006623674763059173,0.9786706994628408,184.80466666666663,0,1
20180601,0.001881391175212214,0.0009242421948165127,0.9044507543128427,210.79388888888892,3,0
20180602,0.0018789828359114162,0.0007958361230968203,0.9641371687395845,259.037,3,1
20180603,0.002000166343764319,0.0013241787213299184,0.9591426678546533,275.0561111111111,0,1
20180604,0.0028149488709039083,0.00019288750479534703,0.9792203219317104,166.62255555555555,1,1
20180605,0.0016478821426595127,0.00025515487193601374,0.8715878892183596,162.65577777777776,1,0
20180606,0.001210211754910236,0.0004679946068411757,0.9257744760727034,290.96911111111115,5,1
20180607,0.0019706454479868746,0.0007114274248965639,0.9755209808473297,252.67255555555553,3,1
20180608,0.0029597488355121585,0.0011794927849585134,0.9140454005825197,258.82433333333336,3,1
20180609,0.002853684855264779,0.0012835264672203875,0.9532732462475375,241.49788888888887,3,1
20180610,0.004279576320878783,0.0020452069328793622,0.9231284808008884,275.7575555555556,0,0
20180611,0.0023794175141839363,0.0010942021080673195,0.9424309460556308,277.62205555555556,0,1
20180612,0.0029961908789011955,0.0009097524766090573,0.9303658126491937,266.52099999999996,0,1
20180613,0.004982532992409387,0.0031016267042395826,0.7330927017410941,201.1963333333333,0,0
20180614,0.00246162947293894,0.0017539081629578297,0.761483242626663,279.03000000000003,3,0
20180615,0.0017759301779537609,0.0006809257353388883,0.9373732287125691,224.08155555555555,5,1
20180617,0.00482482854028059,0.003363922234268714,0.8595103397337938,262.11077777777774,0,0
20180618,0.0009431250614936958,0.00036856626255508257,0.9899400262644555,252.79888888888888,1,1
20180619,0.0036372271591215036,0.0015777190555241987,0.9444503364732115,287.202,0,1
20180620,0.0043814836314326165,0.0026491667288294192,0.7831230986683383,176.03466666666665,0,0
20180621,0.0043033203385219225,0.002373248718746902,0.9376651619503148,260.98366666666675,0,0
20180622,0.0034606472235267616,0.0017986765841342608,0.9176704734807711,281.9522222222223,0,0
20180623,0.0018878089680201032,0.001258635698775904,0.9525161260336256,125.30599999999998,4,1
20180624,0.0022637594486531933,0.0012715718618884675,0.915685735732508,163.13044444444444,1,1
20180625,0.0020436755924688535,0.0008297848868220355,0.9765749155695989,290.1757777777778,1,1
20180626,0.002709870102937055,0.0010320916056836523,0.9206877677281543,276.4632222222222,0,1
20180627,0.0008733736463326294,0.00011412327835881173,0.9921270353432846,179.2026666666667,0,1
20180628,0.0015954502607103509,0.0004435710525840768,0.985520454579642,238.53466666666665,1,1
20180629,0.00366928024205113,0.0016204395652371258,0.9049633872773143,264.78666666666663,4,0
20180630,0.0034825033579658354,0.0011981539852183292,0.9501558882648834,259.95477777777774,0,1
20180701,0.0025673700146167083,0.0002795645703314738,0.9515845774460405,243.9598888888889,0,1
20180702,0.0026172721213058117,0.0013284280427678513,0.9474949779747072,246.65433333333334,0,1
20180703,0.0036973707489844324,0.0009137596431915085,0.9119393210505657,247.99355555555556,0,0
20180704,0.0021843288228994956,0.001236601703748525,0.9271012412857373,251.98811111111112,0,1
20180705,0.0017673960598822845,0.0006565071249872354,0.9515702685229918,264.7802222222222,0,1
20180706,0.0023692102389870923,0.00040344826114123927,0.9479225286680334,276.7018888888889,1,0
20180707,0.0021975632841253912,0.0019940632628692536,0.7986242230543276,273.5576666666667,0,0
20180708,0.005266229270874443,0.003288364071291113,0.9053343031048068,264.5672222222222,0,0
20180709,0.0024838508403316,0.0019198765975508038,0.8453494511165544,259.4327777777778,0,0
20180710,0.001304439853911189,0.0005795606060150552,0.97621176277227,259.30344444444444,0,1
20180711,0.0027533375762387635,0.0018333091340491314,0.9118481446225334,277.7733333333333,1,0
20180712,0.0019202259231941234,0.0009469996549884329,0.8647359416301601,262.8028888888889,0,0
20180713,0.004293416551323936,0.0024063890327550392,0.9229293629849394,251.63688888888888,3,0
20180714,0.0017500235420663149,0.0007602108681648963,0.8855138219756018,219.52333333333334,1,0
20180715,0.0023575902948524924,0.0006060517752876113,0.9558185090576067,288.2755555555556,3,1
20180717,0.0009121408261612283,0.00030679031909811044,0.969686064746413,107.90655555555556,1,1
20180718,0.0018171636402029682,0.0006689498555164231,0.8535340349044749,272.5068888888889,1,0
20180719,0.004432199998663752,0.002764858924365544,0.755438519230717,268.0246666666667,0,0
20180720,0.00349898134182118,0.002938138482802304,0.7723317408977844,261.5348888888889,0,0
20180721,0.0022710962796157726,0.0012597616155617813,0.9327551353597853,274.15466666666657,0,1
20180722,0.0019127802194160738,0.0009332124595230888,0.9718409389146383,207.10644444444443,4,1
20180723,0.0016017915286644442,0.0004702462940075017,0.9477168950658131,228.78388888888892,1,1
20180724,0.004137191867466364,0.0021048260280420727,0.9041114659523949,251.76522222222223,3,0
20180725,0.0022272060538126486,0.001295697931417379,0.9622176978275897,111.66288888888889,1,1
20180726,0.003575365213286917,0.0008251363171923403,0.9592334037092174,236.7588888888889,1,1
20180727,0.0011306047791806058,0.000587099099068109,0.9649234701701939,250.04355555555554,0,1
20180728,0.0016376266814774724,0.0005265994304569069,0.9481157480326078,268.06755555555554,3,1
20180729,0.0027111370429369133,0.0013932405872361872,0.9506198817417217,228.9558888888889,0,1
20180730,0.003961208520615197,0.003952576610987976,0.9172337007732739,257.5714444444445,0,0
20180731,0.004047575363061607,0.004244197130266632,0.9543453751876331,240.67966666666663,0,0
20180801,0.0032763645891099617,0.004331495816996522,0.8858611208393898,89.91122222222221,3,0
20180802,0.001969123435462769,0.00043748102745350804,0.9857027056094984,282.0945555555556,1,1
20180803,0.0010357839509070844,0.00010419151166594054,0.9901132118859461,266.77377777777775,1,1
20180804,0.0019210964639823605,0.0005693637465745677,0.9598566861664098,223.95433333333332,1,1
20180805,0.0016170492892762544,0.002198093603350599,0.9758977908676715,239.44166666666666,4,1
20180806,0.002393369862034535,0.0015944099300847468,0.9639905213047575,234.67444444444448,0,1
20180807,0.001437944549313981,0.0007551139540577985,0.9414906324786728,225.8087777777778,0,1
20180808,0.0007753224888116543,0.00045010878023227913,0.986972281853948,242.05688888888892,1,1
20180809,0.0031245263459965898,0.002010180345064431,0.9335513317570197,216.47111111111113,1,0
20180810,0.004760415791527388,0.002536219608769129,0.8970580827611623,246.47977777777774,0,0
20180811,0.0022622306814718577,0.001276387664108327,0.9194764343165608,126.17641269999997,1,1
20180812,0.0018032209753291377,0.0012266034238598432,0.9792361498352942,159.59411111111115,4,1
20180813,0.0017750789868886249,0.0006953698142994944,0.9763703394823559,90.91677777777778,4,1
20180814,0.00614552556403811,0.0032396504902317304,0.8863503402232225,213.81375555555556,4,0
20180815,0.0020448887230612943,0.00041110457885384965,0.9869199611305549,243.13866666666667,3,1
20180816,0.0020906759311721803,0.0014631569169675617,0.9676349388534239,242.649,0,1
20180817,0.0028146918918393322,0.001012670599294236,0.8933463535707936,183.4678888888889,1,0
20180818,0.006351008344860149,0.0015836965984505214,0.9488171998663774,165.68588888888885,1,0
20180819,0.002389150306756583,0.0009435364303233992,0.9748660854072304,237.98000000000002,1,1
20180820,0.014596957349251281,0.017409098437287777,0.2002450954761002,201.36611111111108,5,0
20180821,0.001078446170070054,0.0004739727065098327,0.9841612569929465,240.12766666666664,5,1
20180822,0.002322704717345415,0.0005079090657315853,0.9642156753580091,208.91077777777775,1,1
20180823,0.0038020716528481516,0.0012420452684619781,0.8994248994367151,273.9724444444444,3,0
20180824,0.0024212957913959986,0.0017868116743807107,0.9596595338738942,237.93544444444444,0,1
20180825,0.0038143962121390948,0.0013894643497533391,0.8994905977375484,202.5468888888889,0,0
20180826,0.002521202256389658,0.0011692349938964865,0.9225826435640602,219.04211111111113,0,1
20180827,0.0018303096047460948,0.0008584669829918423,0.9699495052160984,250.47833333333332,0,1
20180828,0.0015756448578057678,0.0010427946329708154,0.9897390339068891,231.4586666666667,0,1
20180829,0.0032654669794192855,0.0017397291289713665,0.9155918725455287,284.0712222222222,0,0
20180830,0.0019280325724636378,0.0009345233093393872,0.9829730953402286,245.5608888888889,0,1
20180831,0.0015543136181240106,0.0007477014799218301,0.9780297205944043,213.00944444444443,3,1
20180901,0.0027091136453036777,0.000304833810613573,0.9802426689849622,163.9691111111111,3,1
20180902,0.0019319243479022407,0.000624532135879723,0.9638373153741054,247.1213333333333,0,1
20180903,0.0018271625274369704,0.00040753715325532225,0.933393249514418,249.46755555555558,0,1
20180904,0.0014956159728771819,0.0007852732288071996,0.9855742435562441,231.03044444444444,0,1
20180905,0.0016157129441158559,0.0017147732370702818,0.8218123162389991,225.79477777777777,0,0
20180906,0.0025854491522452794,0.0013019094467209018,0.9677329519495084,225.63144444444444,1,1
20180907,0.003458801888281157,0.0020855654131696827,0.9711170510834813,147.55177777777777,3,1
20180908,0.0008467833255089142,0.00022503838523821012,0.9915593508930158,152.29100000000003,3,1
20180909,0.0004650862585718959,9.825634535960353e-05,0.995728503265314,180.52177777777777,0,1
20180910,0.0004615697366198784,8.737758988599855e-05,0.9827043178874315,85.58533333333335,1,1
20180912,0.0022643349322605355,0.00011833737628832765,0.9941958993930654,204.64911111111113,1,1
20180913,0.001132121541280937,0.0007750030325553955,0.9856647836795189,229.31633333333332,1,1
20180914,0.002235922345581081,0.0013497049635118824,0.9566739227131678,241.6343333333333,3,1
20180915,0.000918485912415259,0.0003067078449274493,0.9841290599135462,231.55422222222225,4,1
20180916,0.002148131271302409,0.0010236535427116098,0.9741783256683197,222.34766666666667,4,1
20180917,0.0020429652779285555,0.001158908913824693,0.9663999048920875,204.06644444444444,0,1
20180918,0.0013299690102968544,0.00032469759290650784,0.9741341630786367,240.14555555555555,4,1
20180919,0.0012130587640613191,0.0003924276008640344,0.9886292555237355,240.46811111111114,4,1
20180920,0.0031069226065749372,0.0007555263732786898,0.9379168397390888,208.3273333333333,3,0
20180921,0.0009782349848316946,0.0003271752375673059,0.9831853278440562,53.608777777777775,3,1
20180922,0.0011093691272813086,0.0004383361157081763,0.9829046663378733,224.40522222222225,1,1
20180923,0.001872732501851306,0.00044505037394350344,0.9894443355682928,223.12866666666667,0,1
20180924,0.0013537561291083813,0.000735147531526869,0.9506855923548165,177.61177777777777,3,1
20180925,0.0005484264160701549,0.00017529156756958952,0.9799751641272058,27.83288888888889,1,0
20180926,0.0045567498198025615,0.002390453947166244,0.8852607725650388,118.56233333333333,1,0
20180927,0.000880815254689324,0.00031773083599383444,0.9708053384136046,222.29455555555555,1,1
20180928,0.0011621038114457778,0.00039834445048796726,0.993011571711998,197.42277777777778,1,1
20180929,0.0022957664508837217,0.0018502736206024487,0.8151133629834646,200.89644444444446,0,0
20180930,0.00201976784753074,0.0006601662091938512,0.95987774452182,208.63222222222223,0,1
20181001,0.0005251528125330777,5.820517251671537e-05,0.9873363251850806,53.59277777777778,1,1
20181002,0.0004030505139678242,0.00015286517533054055,0.9853606257573089,41.586555555555556,4,0
20181003,0.0005393716998917049,0.00028944728412769817,0.9947565272627855,105.28188888888889,4,1
20181004,0.0020996144953335824,0.0008357980352685046,0.901196328971863,205.9198888888889,5,0
20181005,0.0011101799524875192,0.0008876787848185824,0.9650349775681287,227.01555555555555,0,1
20181006,0.001377446236454612,0.0009281499488108612,0.9277353345127133,77.11366666666666,3,1
20181007,0.0067034851601502745,0.002562578107763683,0.8878310513725757,115.51544444444446,1,0
20181008,0.0007522934882058178,0.00021143520783858076,0.990768602181381,52.970333333333336,5,1
20181009,0.0032757649676950795,0.0016204268650572096,0.9697004353849006,195.99944444444444,5,1
20181010,0.0020270836801646905,0.0006917286909985452,0.9233523832092758,212.42055555555558,0,1
20181011,0.0011890799404407205,0.000511992284643858,0.9775894894187007,35.09177777777778,4,0
20181012,0.001342777258327609,0.0003494040745363453,0.964485420435932,177.7067777777778,1,1
20181013,0.0011625478703139948,0.0003400072602988062,0.921134816918763,114.81833333333333,1,1
20181014,0.0015700430296944573,0.00074491985794086,0.9872934065874037,196.23833333333334,0,1
20181015,0.00045273335811295897,0.00014278794243486681,0.9791263691436474,33.21933333333333,5,0
20181016,0.0021923674009773422,0.0006740412503719162,0.95022883378067,176.95922222222222,1,1
20181017,0.0012068398613405652,0.0005232050579958873,0.9735723391646142,210.57466666666667,0,1
20181018,0.001550254330957043,0.0012142730229964351,0.8730851507907933,255.64022222222218,0,0
20181019,0.0038184037591577503,0.0016057265881437336,0.8871042466334389,199.1331111111111,0,0
20181020,0.002364606189996427,0.0007609649803199866,0.837601143865278,158.5918888888889,0,0
20181021,0.0018231905485736372,0.0004561337395623335,0.938453713423522,158.3522222222222,1,1
20181022,0.001984229355072873,0.0006403392670640159,0.9862092577244627,92.73566666666666,0,1
20181023,0.002649494905286339,0.0008133449305193185,0.9296181359028416,114.02855555555556,1,1
20181024,0.00039247109325185137,0.0001171243459934458,0.9910703666739782,55.13655555555556,1,1
20181025,0.0021393400944304123,0.0008501179024363463,0.9196725036935897,154.3761111111111,0,1
20181026,0.005109601282778363,0.0006569939843980345,0.9393092602750103,204.73866666666666,0,0
20181027,0.0005154654326114846,0.0002716610731648964,0.9810030591540513,82.10199999999999,1,1
20181028,0.00037805617377398634,8.999945972430981e-05,0.9947850854914616,126.86866666666667,1,1
20181029,0.0004288146158589079,0.00010361378681107827,0.982135431708586,64.79288888888888,1,1
20181030,0.0012584736267336797,0.000512904363108305,0.9808788173581642,80.52155555555555,0,1
20181031,0.0011566392599126243,0.000362095619744938,0.9662673561864077,209.15533333333332,0,1
20181101,0.0006391388682565492,0.00021887330052957385,0.9710758062802405,28.597888888888885,4,0
20181102,0.0009972770164395637,0.00019951119320124475,0.9854107602749781,47.376666666666665,4,0
20181103,0.001051331453403282,0.00028359567407853066,0.966129287608801,55.30611111111111,1,1
20181104,0.0016224833541237976,0.0007409500058887778,0.9810088945735154,166.09599999999998,0,1
20181105,0.0024523756210419736,0.0029975313668747635,0.866164685560002,60.894888888888886,1,0
20181106,0.0012229932502431573,0.00033554085602808344,0.9535070679078931,35.74466666666666,4,0
20181107,0.0025156131393767192,0.0009006779343729744,0.8767083960506474,184.1102222222222,0,0
20181108,0.002805937001881872,0.0013286776128234208,0.8990003577335076,67.03911111111113,0,0
20181109,0.0006190198844427414,0.0002136702045827848,0.9931808143322997,52.87155555555556,1,1
20181110,0.0026231706808841665,0.0006526659793862399,0.9476603809430005,95.45133333333332,1,1
20181111,0.0019695712022036213,0.0006007751775497133,0.968334041592315,91.34633333333335,0,1
20181112,0.0035364664339508334,0.0012621009624389197,0.8795701876739465,160.83866666666668,0,0
20181113,0.0018164497243857976,0.0005101545939986588,0.9712846129614535,39.169,1,0
20181114,0.007289139403600829,0.0014844160160798153,0.9491838702769785,146.16344444444445,0,0
20181115,0.00032039670168526466,0.00018560647499228641,0.9963227584691633,67.07933333333334,2,1
20181116,,,-1.0,0.6048940740000001,2,0
20181117,0.013356840043017642,0.013611785155884872,-0.16170193519455334,23.096666666666668,2,0
20181118,0.0014427914076413971,0.0007278258389994975,0.8570001819382048,83.29866666666666,2,0
20181119,0.006077862902266974,0.003942638758640657,0.5188152795012644,8.615888888888891,2,0
20181120,0.002481363132641589,0.0019606687103996866,0.5940212951662756,8.261666666666667,2,0
20181121,0.001304681934953218,0.0007047313518704553,0.8562635942152346,35.10266666666667,1,0
20181122,0.005048945303528078,0.00314873722430032,0.7719805203794535,69.20088888888888,2,0
20181123,0.006360177719255292,0.002594519338629545,0.7262126687342992,77.22933333333333,0,0
20181124,0.002647523562014615,0.0007487500707579001,0.8536910658715856,88.39699999999999,0,0
20181125,0.0010663277665221736,0.00022148529935388,0.9860037037773708,49.345888888888894,4,1
20181126,0.001290092364130433,5.051663911281879e-05,0.9911306538072993,66.06644444444444,4,1
20181127,0.008505834619793916,0.0037646329518906587,0.5261122383373805,5.151555555555555,1,0
20181128,0.005478764128448842,0.002177227622231115,0.6747166521489049,5.071444444444445,3,0
20181129,0.003287996174530568,0.0041356384238090925,0.7369699761675825,21.93311111111111,3,0
20181130,0.0010971605542654638,0.0008796503308947304,0.6746741524081643,48.364000000000004,0,0
20181201,0.0012632728962316327,0.0015862472048783435,0.9478694522849058,70.206,3,0
20181202,0.0006359113633226574,0.00028954232934436114,0.9775583623173948,23.489333333333335,4,0
20181203,0.0018961443118090046,0.001154157245854785,0.8738179063158013,89.09833333333333,4,0
20181204,0.002825769503384345,0.0013762847711179655,0.7970753087242561,25.787666666666667,0,0
20181205,0.0031971159620843175,0.001531806786321334,0.6956716125718041,138.76355555555554,0,0
20181206,0.0010200614226700791,0.0004094834821384934,0.9678791339035776,62.53233333333333,0,1
20181207,0.004199549542285168,0.0010421001672766713,0.7479811942807069,31.35799999999999,0,0
20181208,0.0023309246164741563,0.0006185931603560689,0.7063852878597585,47.29666666666667,0,0
20181209,0.003981799273724581,0.0013429446281972468,0.5849240268853299,30.867,0,0
20181210,0.003883402502927911,0.002536463809176303,0.7196551780036654,53.01133333333334,0,0
20181211,0.002793551324421528,0.0011284546762256363,0.705323807564369,94.33111111111113,0,0
20181212,0.0033256571619643058,0.001935883361229554,0.75664584246623,79.50788888888889,0,0
20181213,0.0029759831848892773,0.004103525064142921,0.7666442260289011,38.25377777777778,0,0
20181214,0.001449526647117144,0.0002405499991911674,0.9524102024524984,56.913333333333334,3,1
20181215,0.0008828619887320458,0.00030454353345157556,0.9753337997494878,68.26955555555556,5,1
20181216,0.00045990893313224864,0.000259573296066937,0.9677367473805165,32.81744444444445,1,0
20181217,0.0010303937163453193,0.00038158726277805855,0.9596884042171417,15.209555555555555,1,0
20181218,0.0020441140899450996,0.0012656974957888406,0.7518498767468161,75.32033333333334,2,0
20181219,0.003470376303133546,0.0010430881509485776,0.5677193354494962,99.74444444444445,2,0
20181221,0.0009373159117809737,0.00024836341155375275,0.9697477499801458,38.69055555555556,1,0
20181222,0.0005125480329416797,0.00012883034647661156,0.9772391286857414,35.50811111111111,1,0
20181224,0.001211698191512906,0.0006465534810145833,0.9147947831598502,13.327666666666666,5,0
20181225,0.003731711123580322,0.0006095363013860467,0.7448889974690039,20.74522222222222,0,0
20181226,0.0010283319089023331,0.00039076811099981356,0.9491485533425689,11.82711111111111,0,0
20181227,0.002661544805608356,0.0007141287981811764,0.6968130114213672,36.045,0,0
20181228,0.00036706379884144486,7.203747707501356e-05,0.985141895552019,27.343333333333334,1,0
20181229,0.0005872498622412919,0.00023546285811076612,0.970148223338374,58.80611111111111,4,1
20181230,0.0033292358086000383,0.0011444983969735845,0.933693186596706,92.03622222222222,0,1
20181231,0.0016358437933992004,0.0008805027611709774,0.979326649562232,55.08155555555555,2,1
20190101,0.002291870801831052,0.0009488851607889154,0.9792343721693755,56.452222222222225,1,1
20190102,0.004310140164870222,0.002182771150178809,0.7478980722450516,123.62255555555556,2,0
20190103,0.0009024976436533337,0.0001485395721653461,0.9851062319527695,43.95111111111112,2,0
20190104,0.001064198127323514,0.000526555065717498,0.9651681097498569,94.24122222222222,2,1
20190105,0.002471140674239231,0.00010829653646420011,0.9920967325632526,88.32444444444445,1,1
20190106,0.0009404144353865994,0.0003307258621877803,0.9759922255864648,61.88077777777778,3,1
20190107,0.0008500626904671783,0.00047595157486653405,0.96389324457417,97.59511111111112,0,1
20190108,0.0013637148169214307,0.00044882796853936156,0.9438651366250272,92.29233333333333,4,1
20190109,0.0007654400364966359,0.00018004139495840794,0.9906696849861932,50.099000000000004,4,1
20190110,0.00293835983408902,0.0017735732363818165,0.8036817047738208,33.84088888888889,5,0
20190111,0.0030571340534839894,0.0008643319616823548,0.7502857184757411,164.69877777777776,0,0
20190112,0.003153683517333384,0.0010269838371526304,0.7068935303652276,163.18522222222225,0,0
20190113,0.003166079768961522,0.00090885745491415,0.7982601595682217,167.5512222222222,0,0
20190114,0.003676665946150628,0.001961492646854979,0.7835755113194617,173.02522222222223,5,0
20190115,0.0013992516076481792,0.00014460491486106164,0.9919380488048746,91.97533333333334,0,1
20190116,0.001351597843054289,0.0006564891849324863,0.9253521121429199,59.31877777777778,0,1
20190117,0.0036381527375191455,0.0012706963978738293,0.9051718332299007,166.73,0,0
20190118,0.00037250832856325003,0.00031927809020861726,0.9859471039456785,24.85488888888889,3,0
20190119,0.0005617162139276593,0.0003442882534902798,0.9932097700799436,67.23211111111112,2,1
20190122,0.029236062512620422,0.026390334824329287,-0.8712850802122805,1.0239674523333333,2,0
20190123,,,,0.7802414286666666,6,0
20190124,0.000620711544486206,6.823593195533063e-05,0.9615221125611328,12.618777777777778,1,0
20190125,0.0018701549686000478,0.0006951051954350224,0.9054171517189159,87.38355555555556,0,1
20190126,0.0017593383771694966,0.000872827973175869,0.9139260224060918,171.50577777777778,0,1
20190127,0.0013758623034771061,0.0003799316748892698,0.9398391791709187,148.7651111111111,0,1
20190128,0.0031865980331619807,0.0013531331949645806,0.6361850951526663,191.75300000000001,3,0
20190129,0.000780569245225933,0.00036835938250740706,0.9615638577957969,30.430555555555557,2,0
20190130,0.018760472220481824,0.008220383269683173,0.5802064426995941,3.5817777777777775,2,0
20190131,0.022516907983432647,0.012530347045891408,-0.0714204415011612,1.5666666666666667,2,0
20190201,0.018243201994928605,0.005386281183837021,-0.3644184509249598,1.903888888888889,2,0
20190202,0.013906127178885805,0.004396485330195679,-0.22938302218527887,2.2603333333333335,0,0
20190203,0.011751917635760676,0.009200466926847737,-0.1029353654822672,21.491,3,0
20190204,0.0017324279262687116,0.0006746704365241264,0.3714923528293193,114.37344444444443,0,0
20190205,0.0021401871045924406,0.0015762591836416314,0.8762779357386878,74.10433333333333,0,0
20190206,0.001091644089745032,0.0005793216113851953,0.9380551613346811,197.48422222222223,1,1
20190207,0.0007479487179591754,0.00018827459310737573,0.9896266338501339,82.12444444444445,1,1
20190208,0.0010944996956481017,0.00022247081345525558,0.9697391199744674,101.12177777777778,1,1
20190209,0.002654369791342402,0.0010719652336819117,0.7379397398597212,194.72355555555555,0,0
20190210,0.0013612597260568525,0.0006095839201484196,0.9760647829398869,193.35111111111112,0,1
20190211,0.0034004866421533317,0.0014138186655759206,0.9710735228660009,168.9567777777778,3,0
20190212,0.0009152991419044419,0.0006890826479921628,0.9799594018780089,50.20088888888889,2,1
20190213,0.01608383437310009,0.007693679317561185,0.29464367216423504,5.429888888888889,1,0
20190214,0.006089592512680578,0.005385371824053839,0.42772104039535486,5.553777777777778,2,0
20190215,0.0033077187956173214,0.0008799165303632243,0.12417321133495098,51.336444444444446,1,0
20190216,0.0044591215671771715,0.00341639870970068,0.7779390760107927,188.33133333333333,0,0
20190217,0.0046407216420707624,0.0017160953219310952,0.8703899195133998,220.65811111111114,0,0
20190218,0.002453325335778994,0.0008288528676134125,0.7831937568927679,6.4305524691111104,2,0
20190219,0.004891853419954051,0.002940942931658344,0.833786157501011,17.43061111111111,2,0
20190220,0.001122706154940643,0.0007960106301393422,0.9701326416233215,9.344611111111112,2,0
20190221,0.004665776950797854,0.00346730359214982,0.6389281755164833,26.263333333333335,2,0
20190222,0.006286211644709796,0.0026541635337359332,0.9037875119852412,201.1653333333333,2,0
20190223,0.008567425109592065,0.01524804632927267,-0.24208502866667456,153.56033333333332,2,0
20190224,0.0015434916715961805,0.00038258884385342144,0.9856350822910512,62.12633333333333,1,1
20190225,0.002744768684782248,0.0012676534816478233,0.9491725680952164,190.94799999999998,6,0
20190226,0.004722412207890413,0.0033901206719450854,0.8990940073116214,245.39544444444442,0,0
20190227,0.0012128814042635843,0.0002683324242937551,0.9758647960130685,121.65066666666667,4,1
20190228,0.006596242355233243,0.0056711610532537175,-0.07414353827890442,15.830555555555556,2,0
20190301,0.003497182872826267,0.0015229077655099527,0.3831093727996326,43.53566666666667,2,0
20190302,0.0038682611564805993,0.0019569491545055554,0.6887506808104128,54.30744444444444,2,0
20190303,0.0055842767371957775,0.002921517348176168,0.8773741814587123,234.73544444444445,2,0
20190304,0.004957643486761506,0.0015727419903028086,0.23608368932223484,49.71422222222222,2,0
20190305,0.0049702670096166595,0.0018141956603568209,0.874024093583454,86.85366666666667,2,0
20190306,0.008077382612539622,0.006411548655646471,0.7534215698253256,97.55911111111111,2,0
20190307,0.0013264773245409347,0.0009069774602433832,0.9753148626379217,100.12677777777776,0,0
20190308,0.0018167990316652343,0.0006075476200023066,0.8286153767920313,92.12651111111111,0,0
20190309,0.003631206134844375,0.001740947963563659,0.5909530866142093,227.00711111111113,0,0
20190310,0.005531634578430903,0.0031328892020180818,0.580109272814303,13.38037782888889,2,0
20190311,0.0017559946908074933,0.0005224623139108137,0.9916124476019543,213.6526666666667,2,1
20190312,0.0022156917547442997,0.0010245412387885836,0.9586278542669447,166.61477777777776,2,1
20190313,0.002195006508154942,0.0007850264615468507,0.9512603523940628,238.92766666666668,0,1
20190314,0.005320614523178922,0.0033638998461715443,0.9643135090359568,240.27977777777778,3,0
20190315,0.009926191675468574,0.0036336862429894325,0.8627797881550032,155.26588888888887,1,0
20190316,0.004555653096800002,0.0012148632889006858,0.9409559718517547,184.58900000000003,1,1
20190317,0.005199299184019762,0.001529638869480677,0.9281495377897786,205.17355555555557,0,0
20190318,0.0033446570853988273,0.0011228312513985176,0.9525551905380775,265.9926666666667,0,1
20190319,0.0030242431765794817,0.0011949400563023632,0.9313805455998753,233.64000000000001,0,1
20190320,0.002737769767028891,0.0026468854222947754,0.9798032697183348,253.6015555555556,0,1
20190321,0.005646766651891037,0.0012324717596210615,0.78968482321533,126.22344444444444,0,0
20190322,0.013297205276521023,0.0034110567716599902,0.9018982927201249,115.12511111111111,1,0
20190323,0.004996811978314661,0.003951326582495409,0.7685915403934017,11.929777777777778,2,0
20190324,0.010136146825880689,0.006838125296770835,0.6784599550695398,244.44444444444446,2,0
20190325,0.0019211207534430151,0.0026157762467766345,0.983812810129997,272.48033333333336,2,1
20190326,0.002397916106378166,0.002429657495144187,0.9316178407638515,276.4335555555556,0,0
20190327,0.002084593190331069,0.0015903625353245966,0.9432960943440749,266.2634444444444,0,1
20190328,0.0014749690754501895,0.0006203342283259899,0.9790094349766943,261.65711111111113,0,1
20190329,0.004480351578415205,0.0024288640039427318,0.959772634641616,74.1132222222222,1,0
20190330,0.0011449314109865068,0.0004759442941902478,0.9887323121047399,195.67733333333334,3,1
20190331,0.0075500715731161815,0.0018612885219020927,0.923514691676327,114.03388888888887,1,0
20190401,0.0021289830411600117,0.0008411560512679025,0.9839074094539402,276.2584444444444,0,1
20190402,0.00409346875231632,0.0012271995967441309,0.9086702417291249,278.401,0,0
20190403,0.0013227532000306755,0.0006903251661731465,0.9943964001692182,267.75044444444444,1,1
20190404,0.001435041821464415,0.0009380462403769808,0.9779226523154335,285.4177777777778,6,1
20190405,0.002187606887277278,0.003095513211092665,0.9609225286002595,143.38566666666665,1,1
20190406,0.007781885877101404,0.0026915073486575964,0.8990968840137817,156.80988888888888,1,0
20190407,0.003631259261237916,0.004433891611438563,0.9160209302415194,253.05211111111106,0,0
20190408,0.003369637692024293,0.001144720149238211,0.9301231600079666,72.475,1,0
20190409,0.0031540992879711765,0.0015676717775823517,0.976333327489565,266.6073333333334,1,1
20190410,0.002062505253666405,0.0005751146767823654,0.9856382941658695,133.13011111111112,3,1
20190411,0.0037918853271130606,0.0032455313044222897,0.9131456504485038,270.2687777777778,0,0
20190412,0.0018404689680208827,0.001600470269023745,0.9667191975715115,55.556555555555555,5,1
20190413,0.004970112082631077,0.0007126190028983588,0.9856040041573271,262.66422222222224,1,1
20190414,0.008943171555722702,0.015189286621711144,0.49804519354986554,162.3710404,1,1
20190415,0.004192471672031423,0.004844283959420383,0.6949922023918165,205.78522222222222,1,0
20190416,0.0013448020369429853,0.0005853645344990618,0.9841883595565204,288.73133333333334,0,1
20190417,0.002985765369742291,0.0024957353358767216,0.9453081169032174,278.6951111111111,0,1
20190418,0.0017430021229680225,0.0005639877495724373,0.9725491457062444,87.70433333333334,3,1
20190419,0.01238049138944293,0.004280607149978203,0.9096064271303249,172.56033333333335,6,0
20190420,0.0031618027414999075,0.003076847738594971,0.9444833541443161,59.288555555555554,1,0
20190421,0.0016590150918920678,0.0005900903451893547,0.9799969138807012,226.346,1,1
20190422,0.0025763319458068142,0.0006246301284102881,0.9307601153105176,225.00266666666664,1,1
20190423,0.002506243892319125,0.0016709063740300498,0.963823610303716,263.9487777777778,1,1
20190424,0.006863113368140331,0.002091924951456114,0.916323668086048,149.07155555555556,1,0
20190425,0.004097271974200878,0.0020028358560882304,0.9454873202307199,274.55499999999995,0,1
20190426,0.007469600126037739,0.008377434040484504,0.710563954651163,55.666111111111114,1,0
20190427,0.003469472335430063,0.0024082141945817046,0.8986427743897287,163.8412222222222,1,0
20190428,0.006807388842728479,0.0071526892555204115,0.905529803533901,135.84622222222222,1,0
20190429,0.0033368498128409415,0.002245692053199258,0.9546914004687603,284.43411111111106,0,1
20190430,0.0038817441377063666,0.00039249566559789606,0.9909516893999262,124.77155555555555,1,1
20190501,0.0012977179922427666,0.00042077277616403834,0.9925680963191672,113.38166666666666,3,1
20190502,0.0035006247486305095,0.0006086140293006217,0.9695883082101314,57.26822222222222,1,1
20190503,0.0035155396783979015,0.004173444031773128,0.9519736013976399,132.79344444444442,1,0
20190504,0.004756134694770167,0.0005307091191571562,0.9918539490873236,207.25666666666666,1,1
20190505,0.002052595355240404,0.0005450879243571005,0.9520659975202009,90.49233333333332,1,1
20190506,0.0013650512442286758,0.000481642480987107,0.9938809234273785,277.55577777777785,1,1
20190507,0.0014363031326071122,0.0001374532236206541,0.9866578867373935,271.372,1,1
20190508,0.004495252783200513,0.0022108004873887884,0.9527826743728891,282.05711111111106,1,1
20190509,0.0020481480086826974,0.0010351565487405935,0.9828674734300086,267.4582222222223,0,1
20190510,0.01329250757201297,0.0114584468952295,0.6467020866544496,120.64166666666665,5,0
20190511,0.003688708449321141,0.001755092088983683,0.9593647699096396,241.183,3,1
20190512,0.0026128996570504506,0.0011355726041777203,0.9708929922950412,58.58822222222222,1,1
20190513,0.0022068222351072047,0.00048641005241261375,0.9695868819283551,211.4765555555556,1,1
20190514,0.0012321675019704406,0.0008479432608139423,0.9828541990530145,179.78666666666666,1,1
20190515,0.0034062329477494197,0.0012089637897435802,0.9371294273524213,264.9243333333333,3,1
20190516,0.006163183686811669,0.0022546526895502444,0.9231243125888503,278.64844444444446,3,0
20190517,0.010996659720041276,0.0028088394468523937,0.9262912784409073,194.74822222222224,1,0
20190518,0.006454394668594681,0.0032604049967947272,0.933539856587191,279.3012222222222,0,1
20190519,0.0026694658724070747,0.001141013282744086,0.9594403382371901,250.6208888888889,1,1
20190520,0.0034065989925960607,0.0015282744406010268,0.8731701495729696,241.73388888888888,1,0
20190521,0.0029382081399701204,0.0020205670775772055,0.9571250882923705,260.2413333333334,0,1
20190522,0.004899014661798494,0.001587958768605475,0.9287288327064603,277.57433333333336,0,1
20190523,0.003895024559100745,0.0011323869359648746,0.9521249872244123,251.44566666666665,1,1
20190524,0.0019994202663288327,0.0008664202951467018,0.975831434938961,259.02722222222224,1,1
20190525,0.003920692847971853,0.001346929169848561,0.9558905719568743,266.8657777777778,3,1
20190526,0.0029340875702037143,0.0022802262680247797,0.9776598768289964,258.6457777777778,1,1
20190527,0.005098988302721444,0.003080643655581472,0.9397213959840605,270.6987777777778,0,1
20190528,0.005781655987533834,0.005339250302613056,0.4352779364222439,106.80533333333332,1,0
20190529,0.0023160909444126096,0.00013814384315443881,0.9923292149229601,262.80233333333337,1,1
20190530,0.006451060161306836,0.0011249066554604838,0.9386948180071568,210.58188888888887,1,0
20190531,0.0039216686667234695,0.0009231061962813568,0.968365105308087,238.31666666666666,1,1
20190601,0.0034954260926835226,0.0014591664199053581,0.9193851567528701,233.77033333333333,3,0
20190602,0.003635049849556751,0.0007440850941105526,0.9640197079187359,182.29933333333335,3,1
20190603,0.006616858255770934,0.0020930991113422568,0.9008943892677098,271.91644444444444,1,0
20190604,0.0037073295973651796,0.0017678176648754612,0.953853681793038,270.66144444444444,0,1
20190605,0.006441163608998526,0.002310939932352767,0.9590054160328102,174.67244444444447,1,0
20190606,0.0034482283569354246,0.0010389238586116071,0.959500408373786,258.5518888888889,1,1
20190607,0.007203722690626132,0.002437243484954775,0.9375118477840731,268.3026666666667,0,1
20190608,0.006249507080842323,0.0020550219056426067,0.942019234349038,265.2018888888889,0,1
20190609,0.005509525837469401,0.0020222850889502725,0.9421698430518729,260.91799999999995,0,1
20190610,0.002089320038470191,0.000885980535003389,0.987954720516547,272.54777777777775,0,1
20190611,0.0015781646825646686,0.0009582073922058921,0.9810370453187592,274.21333333333337,1,1
20190612,0.007092865920210818,0.003344537102235709,0.9488712857139713,271.9574444444445,0,0
20190613,0.002014650006692774,0.0006868456143944756,0.9813942674395983,199.78144444444445,1,1
20190614,0.008541177760702325,0.004202590351594603,0.8518986680252391,134.27877777777778,3,0
20190615,0.0024380818779739053,0.000661723517706497,0.9656352184604671,268.9024444444445,0,1
20190616,0.003067948744144073,0.0007482690372659768,0.960828459933191,54.498222222222225,1,1
20190617,0.0072197563315428365,0.0029325308835256186,0.9476931712964844,255.0018888888889,1,1
20190618,0.0021563376112351596,0.0006668416486639547,0.9831048828073528,158.1211111111111,1,1
20190619,0.0010340255495980843,0.00043644696824065877,0.9887559311364049,255.76177777777775,3,1
20190620,0.002973194359502351,0.0025632146601774495,0.92236645573565,126.46255555555555,1,0
20190621,0.004320647040048925,0.0039137093901554475,0.9415761401969205,194.97500000000002,1,0
20190622,0.004020533242029337,0.0015187709634574545,0.9781373649033422,253.26322222222223,0,1
20190623,0.006181701757983824,0.0028377119146436778,0.9562923040503665,263.6776666666667,0,1
20190624,0.005504625822177903,0.002208520236808786,0.9693770043357676,260.1465555555556,0,1
20190625,0.005419720720178164,0.0017378573076556956,0.8567876653115853,178.73511111111114,1,0
20190626,0.0064398729065445574,0.002242014048318566,0.9573035537917652,264.4462222222222,3,1
20190627,0.0045563848248590675,0.0022954088492926606,0.9691710791873223,269.31188888888886,3,1
20190628,0.006567738920817052,0.0020968625790980452,0.9621106544217216,254.438,0,1
20190629,0.005538255533975565,0.0020448581725475163,0.8164803667723608,181.2402222222222,1,0
20190630,0.006749524003649405,0.004454911528173719,0.8868890128663941,241.98811111111112,1,0
20190701,0.006489956249168453,0.002790264633866324,0.961275299678306,273.2734444444444,0,1
20190702,0.002434534612115863,0.0005791342378656414,0.9774650203971122,189.52766666666665,3,1
20190703,0.0050899398772701315,0.001806391827620136,0.9538692087921429,252.3763333333333,0,1
20190704,0.0029067144710283356,0.0008104978009984401,0.9714459024238188,248.37333333333333,0,1
20190705,0.002894676357500928,0.001426461246180647,0.9813133815041908,252.43077777777776,0,1
20190706,0.0023544511934172688,0.00041943988339348994,0.9655949752170078,277.1218888888889,1,1
20190707,0.005153170286068395,0.002477169013506457,0.9470843683238391,261.0332222222222,0,1
20190708,0.0033106369313567257,0.0017915507944318615,0.9668324037165881,258.51,0,1
20190709,0.004554207016296861,0.0021836643039120393,0.937375134077964,260.40200000000004,0,1
20190710,0.0036288974999583645,0.001602115778932882,0.9767394148101421,239.88355555555552,0,1
20190711,0.004519850486029793,0.0023968798094329944,0.9320831492438619,212.8918888888889,3,0
20190712,0.007413003128796671,0.0027933757887004763,0.8351723453267623,212.18455555555556,1,0
20190713,0.0061399070675635485,0.001755505041229813,0.8794269944954413,241.13325,0,0
20190714,0.0042144215791112905,0.001366784900932098,0.955337978498917,253.67466666666667,0,1
20190715,0.0028308036519650746,0.0011756864013353092,0.9773486870316881,255.47501234444448,0,1
20190716,0.005975974024772445,0.002602715807692093,0.9054102817622354,242.38477777777774,0,0
20190717,0.0025901738563807284,0.0018649237133530612,0.9016372848934957,211.35288888888888,1,0
20190718,0.0038431317209424672,0.002484446330792225,0.9286173283801513,212.14788888888887,1,0
20190719,0.0037495995323426185,0.000674051075740047,0.9611692669162628,243.80988888888885,3,1
20190720,0.004837413524626595,0.0016049264569948881,0.9143443766785112,183.60155555555556,3,0
20190721,0.003850319864485081,0.0018917395988988558,0.9453655020761514,247.4667777777778,0,1
20190722,0.006126072955330578,0.0010309770347897583,0.892854372048311,90.21211111111111,1,0
20190723,0.002753259720576778,0.0007819390458184642,0.9706128363137883,215.72877777777776,1,1
20190724,0.003013987344843886,0.001054226221254957,0.9582784146449103,257.5611111111111,0,1
20190725,0.004573384328287152,0.002310210157970232,0.9377758044998106,253.44477777777774,0,1
20190726,0.004111725284530561,0.0022596066166766476,0.9375211619213063,248.52600000000004,0,1
20190727,0.004631769163598143,0.0021217445395785572,0.9468989114939876,246.411,0,1
20190728,0.003668900566013252,0.0013884707480368256,0.9371920636782977,244.84244444444442,0,1
20190729,0.004006485990054528,0.0021745867285303867,0.9589993877720836,235.23999999999998,0,0
20190730,0.004211636861602486,0.0026593103115678065,0.9339632242051179,249.71744444444448,0,1
20190731,0.01041181828685616,0.004353383648971934,0.8345238821512602,207.30944444444447,1,0
20190801,0.0018354411838793602,0.0013273152760832415,0.9749372769871978,257.3975555555555,3,1
20190802,0.0045570370325601715,0.0027622916381069653,0.9459837303143629,249.77155555555555,0,1
20190803,0.0034555007781720245,0.0014590394771631086,0.9379679526421704,237.4582222222222,0,1
20190804,0.004240838339801316,0.0030529892443966126,0.9298349387562084,256.78100000000006,0,0
20190805,0.007244014838287998,0.004904413457228204,0.9180632121114458,256.27211111111114,0,0
20190806,0.004856533968709649,0.002499577125879815,0.9335147766610563,242.4791111111111,3,0
20190807,0.00237742951592255,0.0009967943122349628,0.9606583805497164,251.93911111111115,1,1
20190808,0.0014180181672911881,0.0008556079931581064,0.9874419228503862,258.68288888888884,1,1
20190809,0.005548431437246961,0.0032299592115693256,0.907221732224796,250.46669444444444,0,0
20190810,0.002093141447321452,0.0012544642375638178,0.9769221434899306,269.8578888888889,0,1
20190811,0.005105823247014077,0.0029059465741934514,0.9055866523506757,259.0957777777778,0,0
20190812,0.0032961442405253917,0.0012933017531502747,0.9408309811618667,256.17577777777774,0,1
20190813,0.0012472505513222753,9.224354909336354e-05,0.9795904745560258,201.4388888888889,3,1
20190814,0.003729121554381938,0.0009391534133682982,0.9757694278225068,245.16566666666665,3,1
20190815,0.00263459039882835,0.0016630142052370942,0.9584834901663772,252.28588888888888,3,1
20190816,0.003270943848531171,0.0012233524931569999,0.9839275469069623,207.2762222222222,3,1
20190817,0.0031244881088386195,0.002257937179748961,0.9586726901083843,229.9821111111111,3,0
20190818,0.001659442459483759,0.00034295684794692904,0.991064208731146,239.83477777777776,1,1
20190819,0.005766056448586015,0.004649926157626661,0.9550183048109641,239.55211111111112,1,0
20190820,0.004526088353555298,0.0014970837843175928,0.9452371142868394,247.54633333333334,0,1
20190821,0.004429202247223984,0.007279653666484643,0.31678328875859263,205.72905555555553,1,0
20190822,0.004124265808136344,0.0024108337055355027,0.9324482516240925,234.4165555555556,3,0
20190823,0.002048499883888314,0.0008419599520183917,0.9736466487976688,241.9207777777778,3,1
20190824,0.011421365730947687,0.023969796894253367,0.42642820793832253,268.81155555555557,0,0
20190825,0.0066176769279076295,0.004250063848443775,0.8169151053311334,267.86266666666666,0,0
20190826,0.004827589644155115,0.005116500620837822,0.908027458979614,250.53622222222222,0,0
20190827,0.015505658503563755,0.02362802404255899,0.4553019839538732,251.41955555555558,0,0
20190828,0.004518741524649106,0.002974834181019378,0.8924224838096421,258.2365555555555,1,0
20190829,0.008078423943059694,0.016996282623912763,0.6292755817237954,254.35766666666666,1,0
20190830,0.007590796978937008,0.008520547060293097,0.6496748050084211,195.0872222222222,0,0
20190831,0.021619834370874166,0.034196718991214896,0.56509563665934,250.17744444444446,0,0
20190901,0.0050898658668920614,0.004461878185626126,0.7524767988525771,205.5103333333333,0,0
20190902,0.004991570398902181,0.005009746106684261,0.60478407605543,118.10844444444446,1,0
20190903,0.005661524450640029,0.002894703735052515,0.7117996236325553,242.04100000000003,0,0
20190904,0.00491107790926024,0.004303432153384,0.8161820954593683,183.32955555555554,0,0
20190905,0.010655775718651226,0.024338232463314118,0.4717109406005651,241.81922222222224,0,0
20190906,0.018383917618635125,0.046562026016955776,0.39902652783624243,204.33511111111113,5,0
20190907,0.007860822760733013,0.015034436363577635,0.8192366996130926,237.23933333333332,1,0
20190908,0.005771710515958811,0.0044119058126301436,0.8468037240102055,282.3862222222222,0,0
20190909,0.0036364641214123358,0.0038307720079410993,0.8982968039914179,237.42044444444446,3,0
20190910,0.006927098596460726,0.008100768638932285,0.7470267711285694,220.575,3,0
20190911,0.003946202301091548,0.002517367775308074,0.8819301466688699,218.43366666666665,3,0
20190912,0.004987085381545863,0.004876467788188739,0.8697864739589382,42.54822222222223,1,0
20190913,0.004062317295158063,0.005776616860319707,0.8573120107432226,240.8461111111111,0,0
20190914,0.005640479437863507,0.006193441807011202,0.7191133698594565,42.00866666666666,3,0
20190915,0.007588791014031789,0.007064470069712462,0.7414216492422089,231.66622222222225,1,0
20190916,0.003831420898864798,0.003348178215864124,0.9570208009270426,234.85955555555554,0,0
20190917,0.016426369841722965,0.03958901196073766,0.6599572310774923,238.8871111111111,0,0
20190918,0.0033393197490363177,0.0029469423211181804,0.9692492947128589,241.51977777777782,0,0
20190919,0.004582456167952282,0.007844142027438812,0.03581987790812817,234.1502222222222,0,0
20190920,0.005926226872850588,0.009364961019962334,0.9217648776066082,226.938,0,0
20190921,0.004690210860137617,0.006034951559519583,0.9453498316190098,219.20833333333331,0,0
20190922,0.0032832033379772505,0.0019384213763061465,0.9752827493047265,214.4667777777778,0,0
20190923,0.003809361622427673,0.003149697135098101,0.43512840971168615,201.34133333333335,3,0
20190924,0.004252369417858936,0.0035719880436603283,0.867213735675756,106.29744444444444,1,0
20190925,0.017274815379629094,0.04045543938744495,-0.019728283132264095,226.648,0,0
20190926,0.003768741324893911,0.004628623998374153,0.7997103659755471,200.74433333333332,1,0
20190927,0.00522064435691146,0.008201149640058228,0.9232976599368146,219.65355555555556,0,0
20190928,0.003042548895920114,0.004337216057065718,0.9491970607821255,208.389,0,0
20190929,0.0053114320522915,0.00900317073751461,0.5704137240189178,211.60122222222222,0,0
20190930,0.004953164173731,0.002254862850636955,0.8577266376735905,225.29222222222222,3,0
20191001,0.004079201795151966,0.0038192850574321874,0.895584356492021,185.87266666666667,1,0
20191002,0.004059683721823472,0.0037193668696181457,0.8859646849252194,109.15722222222222,1,0
20191003,0.0040422667491839944,0.0003794587462330046,0.9070890010324861,68.19477777777779,3,0
20191004,0.004493956516896882,0.004395149624320872,0.9326570624093837,222.57522222222224,1,0
20191005,0.002902695252698331,0.0021540190473734394,0.9589318646872966,228.55200000000002,0,0
20191006,0.007246499794932286,0.0016010204666591478,0.8824721711852138,72.92699999999999,0,0
20191007,0.004650192135254035,0.003726897746407233,0.8089409213707263,23.52288888888889,1,0
20191008,0.008222694249706017,0.007924851366983303,0.8551974144967198,202.85266666666666,1,0
20191009,0.0051676458018978496,0.0056998055981076325,0.7946434582321783,215.6185555555556,1,0
20191010,0.013734122855163004,0.027342300755562432,0.4896253885737159,218.68522222222222,3,0
20191011,0.005045768407582971,0.004389178385939617,0.8721746289682804,120.29766666666666,1,0
20191012,0.014172057751991648,0.03329448904406432,0.5103500330356225,201.80277777777778,1,0
20191013,0.005216458895720753,0.0033091960002532535,0.8650485939314015,188.43444444444444,3,0
20191014,0.006121126570145029,0.0032554186497387332,0.8656963098866736,204.055,3,0
20191015,0.00774654201257746,0.00786374103793721,0.8478540194097115,198.4961111111111,0,0
20191016,0.002618639012220831,0.003281780521355967,0.9611202519066936,150.35355555555557,1,0
20191017,0.017002361225828738,0.026067665947130367,0.5704638110665414,95.05477777777777,1,0
20191018,0.016746846409807652,0.005193656995847039,0.7555976915855256,191.13155555555556,3,0
20191019,0.0055039199888151985,0.002389003415422085,0.8427181183605148,209.53355555555558,0,0
20191020,0.009923510221052555,0.013486442672306632,0.7148341363069459,162.8254444444444,5,0
20191021,0.014700220391396176,0.0058544188600618795,0.7262747360730113,188.56944444444446,0,0
20191022,0.0021353155728452973,0.0022462026767370766,0.9395770505187698,138.532,1,0
20191023,0.012967118778049094,0.005741716318416373,0.824647032217995,187.36855555555556,1,0
20191024,0.014038057412285298,0.008842502448804846,0.6029025638887745,181.09422222222221,0,0
20191025,0.00553184706990985,0.013350947418522243,0.7331570646892986,109.69066666666667,3,0
20191026,0.0072126184374416286,0.0029965403713499996,0.9025368566282739,194.24133333333333,3,0
20191027,0.0022928523155062923,0.004098271293760658,0.7569914007349209,23.18122222222222,1,0
20191028,0.015897475256466946,0.013825567740233984,0.32632632747910906,111.18188888888888,5,0
20191029,0.003790621345618393,0.0023513909525271193,0.8783231653032662,104.9388888888889,3,0
20191030,0.003127551230330447,0.0018579299141495537,0.8243704399131535,61.99877777777778,1,0
20191031,0.01154730797319193,0.012801379280245441,0.4973852955829976,24.163444444444444,1,0
20191101,0.009737406799747668,0.005156369170243506,0.4155943639022337,189.34266666666667,1,0
20191102,0.004795932010509092,0.001985076923440545,0.9464152892071249,188.6802222222222,0,0
20191103,0.004499140740763892,0.0028855332643653005,0.8720019464569727,114.87966666666665,0,0
20191104,0.003906498024059411,0.0026635252224381685,0.9527371721826374,177.9391111111111,0,0
20191105,0.007828173921200767,0.0009382625157135504,0.8848936391102286,66.84333333333332,1,0
20191106,0.0076947113404080576,0.010442580192165887,0.8323304233689117,186.98777777777775,0,0
20191107,0.004229570211565059,0.004791220973497899,0.05148203620345257,17.854781145555553,1,0
20191108,0.005570473055871149,0.0019541573395914285,0.8608213553613704,214.4428888888889,1,0
20191109,0.006777603930463231,0.0030149494346692583,0.8734160358590947,164.84022222222222,0,0
20191110,0.018152543622025234,0.0023751998552680293,0.765748208951899,165.48644444444446,0,0
20191111,0.003376050496936198,0.001995883070811985,0.9308798125862494,52.834333333333326,3,0
20191113,0.0050237341139656505,0.0019650104518353214,0.6847306818179951,14.726111111111111,0,0
20191114,0.0031626383432445788,0.0034381882813860954,0.8977988023647582,7.259444444444444,3,0
20191115,0.007708296232585766,0.0023399118536617204,0.3174209594823914,39.718777777777774,0,0
20191116,0.008017023895404943,0.004796710468841775,0.6445611537732601,181.77455555555557,0,0
20191117,0.01662041535540589,0.009994619829621985,0.446667046991805,178.8771111111111,5,0
20191118,0.003476475683530805,0.003978324866220785,0.8910423377088417,43.12377777777778,1,0
20191119,0.00753476497395537,0.01526251432989437,0.6146336798403642,14.40088888888889,1,0
20191120,0.00643746115334407,0.01346521410268422,-0.1182174101876115,41.40822222222222,1,0
20191121,0.01479167917225459,0.0046405206150028164,0.4225315986117201,153.98555555555555,0,0
20191122,0.009746531043112664,0.009394616554413206,0.5929596002560577,19.88402222222222,1,0
20191123,0.006129093750543654,0.0031042106330188162,0.7484919819695487,126.81788888888887,0,0
20191124,0.003043643589706302,0.003262358375341582,0.8685651330730938,21.97411111111111,1,0
20191125,0.04683123253748722,0.027653511435215907,0.11655367273807306,45.998111111111115,0,0
20191126,0.0067842967153071065,0.0035177159756846466,0.9082080422801305,145.09511111111112,0,0
20191127,0.005611867164327108,0.004500739708508816,0.9386174727731204,67.24077777777778,1,0
20191128,0.0036095794559814895,0.006427044377028284,0.8186700208643304,33.38677777777778,1,0
20191129,0.006945408615440378,0.005628192520966034,0.8891507064153501,49.83822222222223,0,0
20191130,0.011033190669535408,0.003813009195653526,0.38878246299525826,108.00477777777776,0,0
20191201,0.0038313243656640916,0.000725010538784494,0.9565415449970429,50.51044444444445,2,1
20191210,0.0017528449567433676,0.0030315438370751313,0.9047162206884206,50.19844444444445,1,0
20191211,0.006263586832620007,0.002470852011451657,0.5015865834550371,104.89166666666667,2,0
20191212,0.007847369486154753,0.0037785139212199526,0.6466554780588346,88.62755555555556,2,0
20191213,0.01722702943006736,0.02025293111851858,-0.08483523636009639,20.43744444444444,1,0
20191214,0.009331269026721913,0.010514043611253094,0.862753896344565,52.97566666666667,1,0
20191215,0.004115650710158979,0.001647010629364623,0.8543185559352053,41.18000000000001,0,0
20191216,0.003121581617325033,0.002549730390440762,0.8233765464305529,61.492,3,0
20191217,0.01989373225842203,0.014396128754626399,-0.5883602037386827,3.151056267777778,2,0
20191218,0.023946793666496696,0.013281326892505206,-0.6662432182152198,0.9433206348888888,2,0
20191219,0.02726124250801692,0.01439527467934933,-0.10193308147059457,2.224888888888889,2,0
20191220,0.03718294179598912,0.01772339497777694,-0.07749980455320658,2.5014444444444446,0,0
20191221,0.010354205355788328,0.015051074471544532,0.4269784320253633,2.364111111111111,3,0
20191222,0.016296022547127795,0.008740255256122577,-0.13069410094611444,2.9515311496666663,0,0
20191223,0.01597850339225546,0.006023708490841649,-0.026524754678676186,3.9383333333333335,0,0
20191224,0.005479404984157807,0.00152366754668618,0.7781495262559455,68.85111111111112,0,0
20191225,0.007603402497116311,0.006481151555525949,0.5512701574586943,67.93766666666667,3,0
20191226,0.003076929929536326,0.0016643118692297122,0.8587624086931682,53.951,3,0
20191227,0.005283586875439079,0.0019536043495916237,0.8331469861394745,40.54811111111111,3,0
20191228,0.004689194795689613,0.003837262388569099,0.9536053592837915,62.34433333333334,0,0
20191229,0.006039857987427693,0.003236985630419554,0.4934856627539419,87.32255555555555,1,0
20191230,0.004234255030076797,0.006710386609799538,0.5700970534323251,17.773333333333333,1,0
20191231,0.00454351211913753,0.0019623366737619246,0.9330466303573278,21.823888888888888,1,0
20200101,0.002516770197045552,0.002628706536428472,0.8925443050364021,67.67655555555557,0,0
20200102,0.004130335027710822,0.0018120043238838636,0.6888994602480042,68.14266666666668,0,0
20200103,0.006652670329355556,0.01070239284331337,0.7574606571134791,32.99411111111112,5,0
20200104,0.004957828521345304,0.003004375212602241,0.8317449800054824,12.07611111111111,1,0
20200105,0.003999464993037535,0.0013730381421758302,0.8227285480586263,41.101222222222226,2,0
20200106,0.0037894078368408642,0.0019269440718985007,0.8657151606772162,11.248222222222223,2,0
20200107,0.00869759340940285,0.005576316608274443,0.6045722702862237,101.09944444444443,2,0
20200108,0.004733042205579397,0.003831441569187831,0.8895772203819432,79.69655555555555,2,0
20200109,0.006914437704560699,0.0020406094328353688,0.6702475667940757,151.30433333333335,2,0
20200110,0.007401847683524637,0.00339712114671635,-0.10678005467172898,56.93430994111111,6,0
20200111,0.010998069397995998,0.020171548022789743,0.7279283255675789,68.41611111111109,6,0
20200112,0.008601184182816564,0.004532366907591414,0.8137226295050908,146.13355555555555,1,0
20200113,0.002644737377588741,0.0018856142040551132,0.9428870316097838,71.8051111111111,5,0
20200114,0.013277370745583213,0.006251257541083529,0.8316378095463804,99.24766666666667,5,0
