date,mse,std,corr,max_power,weather,cond
20170912,0.002355555,0.001771217,0.87554233,211.8571429,0,1
20170913,0.003837086,0.003795532,0.813104926,230.1428571,1,1
20170914,0.006583145,0.002666033,0.884693638,177.8571429,1,0
20170915,0.002298079,0.00096334,0.973408041,232.1428571,4,1
20170916,0.003952011,0.002499419,0.927461578,199.4285714,4,0
20170917,0.003092741,0.000980161,0.921845814,200.7142857,4,0
20170918,0.003725263,0.001873848,0.933699136,194.8571429,4,0
20170919,0.006937406,0.003694196,0.819685138,180.2857143,4,0
20170920,0.003084393,0.000875578,0.958520997,140.2857143,1,0
20170921,0.001933284,0.000619483,0.978145684,184.2857143,3,1
20170922,0.002504091,0.000591712,0.92,220.1428571,1,0
20170923,0.004933777,0.004364811,0.941118004,194.8571429,4,0
20170924,0.00517375,0.004406621,0.917940928,182.1428571,0,0
20170925,0.003285194,0.001971609,0.961337861,179.4285714,0,1
20170926,0.001674961,0.000848677,0.982211089,182.7142857,4,1
20170927,0.004389864,0.003340827,0.957526575,192.4285714,0,0
20170928,0.002905676,0.00180172,0.98257368,200.8571429,0,1
20170929,0.001835568,0.000753038,0.982943051,199.1428571,0,1
20170930,0.004726341,0.002499148,0.857438766,37.57142857,1,0
20171001,0.00287061,0.002565497,0.967746397,198.7142857,0,1
20171002,0.003925256,0.002368359,0.929997645,191.1428571,0,0
20171003,0.003820258,0.003063701,0.93224737,185.4285714,0,0
20171004,0.004251602,0.005565151,0.940695664,179.5714286,0,0
20171005,0.003624423,0.002740709,0.958803616,188.4285714,0,1
20171006,0.007073935,0.001313763,0.808158932,104.7142857,3,0
20171007,0.00206516,0.000541785,0.978828857,109.1428571,3,1
20171008,0.006536594,0.003196185,0.867314333,122.2857143,1,0
20171009,0.001717959,0.000425515,0.970507677,55,4,1
20171010,0.00569912,0.004093449,0.855544259,194.5714286,0,0
20171011,0.002072997,0.000988241,0.976713759,127.7142857,3,1
20171012,0.010034403,0.011409089,0.838201256,178.4285714,0,0
20171013,0.005411186,0.001253784,0.883655107,178.4285714,0,0
20171014,0.010567896,0.008927817,0.855238571,157.2857143,1,0
20171015,0.004844224,0.001354856,0.872577486,158.1428571,4,0
20171016,0.004228114,0.002716708,0.929646504,81.71428571,3,0
20171017,0.007875696,0.003594987,0.826274223,172.8571429,0,0
20171018,0.008100964,0.004700031,0.790625317,164.2857143,0,0
20171019,0.010583644,0.004449399,0.779722578,163.1428571,0,0
20171020,0.01424098,0.012933612,0.730224446,162.7142857,0,0
20171021,0.017089737,0.028443179,0.338711448,136.5714286,0,0
20171022,0.004056913,0.002272057,0.922827601,129.1428571,0,0
20171023,0.006305555,0.001194634,0.924091386,142.8571429,4,0
20171024,0.006875814,0.005202952,0.898866039,136,1,0
20171025,0.003545978,0.0017134,0.898103499,87.85714286,1,0
20171026,0.00528292,0.001606014,0.868318544,67,1,0
20171027,0.009736604,0.004980596,0.767945018,137.5714286,0,0
20171028,0.007248135,0.006143106,0.777862556,123.1428571,0,0
20171029,0.006931133,0.004873495,0.294117469,16.71428571,1,0
20171030,0.006680899,0.002868238,0.906771514,106.5714286,1,0
20171031,0.005263893,0.002817782,0.896479383,108.4285714,0,0
20171101,0.001252297,0.000814483,0.940159119,94.71428571,0,0
20171102,0.007082245,0.006518423,0.895253799,79.85714286,3,0
20171103,0.005968668,0.00133546,0.883302385,73.14285714,1,0
20171104,0.003235901,0.001304537,0.921520962,92.71428571,0,0
20171105,0.003433606,0.001614921,0.93,52.14285714,5,0
20171106,0.004686003,0.002507552,0.9197828,46.71428571,1,0
20171107,0.001833984,0.000192338,0.994804623,106.4285714,1,1
20171108,0.016180298,0.009924737,0.744950967,105.8571429,1,0
20171109,0.00219656,0.00145892,0.955760857,101.4285714,0,1
20171110,0.005212453,0.002167738,0.741854436,115.2857143,1,0
20171111,0.006153197,0.003356891,0.791228637,106.2857143,0,0
20171112,0.006522937,0.004026775,0.86134606,98.71428571,0,0
20171113,0.004878088,0.006626021,0.912044147,50.42857143,1,0
20171114,0.005281783,0.007592854,-0.3286383,24.57142857,5,0
20171115,0.014543341,0.009954381,0.591671279,92.57142857,0,0
20171116,0.0104585,0.001408779,0.812907876,75.85714286,1,0
20171117,0.011246452,0.003533963,0.837117078,104.8571429,0,0
20171118,0.002802148,0.002702245,0.954565144,63.57142857,1,1
20171119,0.003796521,0.001137093,0.933798425,71.57142857,1,0
20171120,0.004447503,0.002535539,0.941714471,82.71428571,0,0
20171121,0.019241744,0.025553416,0.566273446,78.71428571,0,0
20171122,0.00553666,0.005374275,0.890822343,44.71428571,1,0
20171123,0.006238741,0.007142564,0.8556561,104.8571429,0,0
20171124,0.014127413,0.007563828,0.826468718,76.85714286,0,0
20171125,0.009874557,0.010447557,0.640928074,63.14285714,0,0
20171126,0.006493254,0.002356764,0.907923179,94.14285714,0,0
20171127,0.006182034,0.002840588,0.905991281,83.42857143,3,0
20171128,0.00270965,0.001256884,0.783823438,74.42857143,0,0
20171129,0.00437332,0.003220466,0.951191162,68.71428571,0,0
20171130,0.006484732,0.002693268,0.909661296,81.71428571,0,0
20171201,0.004400579,0.000770012,0.92143934,61.42857143,1,0
20171202,0.004988959,0.008588796,0.593544736,55.28571429,5,0
20171203,0.011256526,0.018803773,0.799057246,48.42857143,5,0
20171204,0.016801649,0.017965604,0.617417265,63.57142857,0,0
20171205,0.01577357,0.011145582,-0.254986606,6.428571429,1,0
20171206,0.010489648,0.00746992,0.692228104,60.57142857,1,0
20171207,0.009341935,0.012330055,0.749034996,60.28571429,0,0
20171208,0.008938494,0.001841374,0.957555687,49.85714286,0,0
20171209,0.007584357,0.0114904,0.392238834,24.71428571,2,0
20171210,0.025684601,0.009334027,-0.046946773,2.857142857,1,0
20171211,0.058493948,0.027262054,-0.161324272,2.142857143,1,0
20171220,0.004187519,0.001266058,0.842237804,20.71428571,3,0
20171221,0.01153595,0.004011894,0.676719672,36.42857143,0,0
20171222,0.057859195,0.053401764,-0.873877003,2.571428571,2,0
20171223,0.002459171,0.001360947,0.510125159,12.28571429,4,0
20171224,0.008362575,0.016120927,0.644529061,60.28571429,1,0
20171230,0.130602798,0.144250644,,1,5,0
20180108,0.004736369,0.003772149,0.899447394,10.28571429,5,0
20180109,0.002348036,0.000994873,0.862528675,42.71428571,3,0
20180110,0.008160881,0.003942345,0.482256697,71.42857143,0,0
20180111,0.002007817,0.004407702,0.938571772,75.14285714,3,0
20180112,0.018856924,0.016744961,0.466204206,15.42857143,4,0
20180113,0.002234998,0.001124653,0.867286796,40.42857143,1,0
20180115,0.005541474,0.002729515,0.640305419,33,5,0
20180116,0.004951241,0.008122542,0.901147719,10.57142857,5,0
20180121,0.061889989,0.070332678,-0.231595709,2.285714286,0,0
20180122,0.016077314,0.010123326,0.667695309,3.571428571,1,0
20180123,0.005466452,0.001798736,0.887202815,53.28571429,4,0
20180124,0.006192069,0.005012341,0.879680272,100.4285714,0,0
20180125,0.001594076,0.000361774,0.78907409,115.5714286,0,0
20180126,0.010283131,0.003933267,0.750915587,106,0,0
20180127,0.003693525,0.001207697,0.939032265,90.57142857,0,0
20180128,0.000760319,0.000210644,0.995212591,65.42857143,1,1
20180129,0.002371439,0.000881346,0.936152326,108.5714286,5,0
20180130,0.000416153,8.03E-05,0.997315805,75.14285714,4,1
20180131,0.003274175,0.003574127,0.903954031,91.28571429,0,0
20180201,0.012520923,0.007480837,0.816904813,5.142857143,1,0
20180202,0.003862193,0.001348899,0.929322166,15.85714286,2,0
20180203,0.003118508,0.001628948,0.911621213,29.57142857,2,0
20180204,0.005683746,0.005458592,0.588053867,12.42857143,1,0
20180205,0.005187662,0.001593066,0.783960015,28.14285714,4,0
20180206,0.003860958,0.001546969,0.860034164,8.857142857,3,0
20180207,0.050263052,0.048818832,,1.428571429,2,0
20180210,0.062598341,0.069995429,,1.571428571,1,0
20180211,0.003428005,0.002124949,0.003051435,22.14285714,1,0
20180212,0.003024894,0.000757255,0.91278552,145.4285714,4,0
20180213,0.008075993,0.005151878,0.756515229,141.8571429,0,0
20180214,0.00211294,0.000729032,0.873083048,88.42857143,0,0
20180215,0.000767046,0.000321135,0.991040202,96,0,1
20180216,0.001001609,0.00049247,0.972549991,32.28571429,4,1
20180217,0.000953047,0.000418291,0.952392945,151.7142857,4,1
20180218,0.068876432,0.112629882,,1,2,0
20180219,0.009239518,0.00686557,-0.023832277,9.142857143,1,0
20180220,0.002882879,0.001702088,0.929966183,147.7142857,1,0
20180221,0.007868827,0.005026909,0.848986706,156.8571429,0,0
20180222,0.002791147,0.003269874,0.927231168,38.28571429,2,0
20180223,0.00855741,0.003293999,0.732843998,7.285714286,1,0
20180224,0.000807804,0.000441297,0.984065942,62.71428571,2,1
20180225,0.001411866,0.00049138,0.921108421,20.85714286,2,0
20180226,0.004712651,0.003226661,0.855180255,199,4,0
20180227,0.003074475,0.000708959,0.905517806,194.8571429,2,0
20180228,0.004984103,0.001961157,0.893222086,189.4285714,0,0
20180301,0.001232843,0.00032618,0.990761907,143.7142857,0,1
20180303,0.021851218,0.016122986,-0.347122904,3,1,0
20180304,0.011775604,0.005700669,0.704426271,6.571428571,2,0
20180305,0.014493371,0.010915697,0.618031133,3.142857143,4,0
20180306,0.006940983,0.001627563,0.771309835,15.57142857,5,0
20180307,0.045226561,0.067620879,,1.428571429,2,0
20180319,0.046800374,0.114637037,,0.142857143,0,0
20180322,0.031780332,0.027331123,0.051610612,2,2,0
20180323,0.013249067,0.003656004,0.178968777,5.285714286,2,0
20180324,0.009621829,0.00318029,0.728739211,12.28571429,2,0
20180325,0.004539739,0.001694993,0.633033588,70.14285714,2,0
20180326,0.002307407,0.001122099,0.5193683,165.8571429,2,0
20180327,0.003083217,0.005638634,0.684347401,159.2857143,2,0
20180328,0.001654438,0.001718976,0.971688421,145.7142857,1,1
20180329,0.000359897,6.55E-05,0.992489279,65.42857143,1,1
20180330,0.000585059,0.00031669,0.984945526,52.42857143,4,1
20180331,0.001251143,0.000932829,0.964819153,243.4285714,0,1
20180401,0.002271172,0.001523829,0.952288217,259.4285714,3,1
20180402,0.001767992,0.000606718,0.925659701,246.1428571,2,0
20180403,0.000393815,0.000118971,0.992626232,131.5714286,1,1
20180404,0.001509054,0.000928709,0.880751425,159.5714286,4,0
20180405,0.001154718,0.000529545,0.975322335,279.5714286,0,1
20180406,0.0015067,0.00141017,0.957877191,98.42857143,2,1
20180407,0.001263708,0.00019872,0.972234995,162.2857143,2,1
20180408,0.001532452,0.000654696,0.971435636,188.4285714,2,1
20180409,0.00072656,0.000342624,0.984302928,260.7142857,2,1
20180410,0.002829666,0.000998325,0.953787231,172,5,1
20180411,0.001749838,0.000430293,0.990089288,253.7142857,3,1
20180412,0.000824784,0.000527666,0.984897446,155.2857143,1,1
20180413,0.002660708,0.000588868,0.946074268,232.2857143,0,0
20180414,0.002363577,0.000761882,0.959900186,260.1428571,5,1
20180415,0.000494169,0.000350819,0.986372608,37.14285714,1,1
20180416,0.001259786,0.000647772,0.847513653,96,1,0
20180417,0.003410758,0.001785912,0.854674568,203.1428571,3,0
20180418,0.001038928,0.001083348,0.935827606,159.2857143,3,1
20180419,0.00079851,0.000365811,0.967740331,126.1428571,2,1
20180420,0.000613383,0.000364425,0.949313495,249.8571429,2,1
20180421,0.001281321,0.000465348,0.959397441,265.5714286,2,1
20180422,0.001150825,0.000512918,0.962461452,265.1428571,0,1
20180423,0.001681807,0.000624363,0.945214019,265.2857143,0,0
20180424,0.000834455,0.000575263,0.992897409,257.1428571,0,1
20180425,0.000988058,0.000878169,0.962169188,42,1,1
20180426,0.000533852,0.000200164,0.980484983,284.7142857,4,1
20180427,0.00107696,0.000200282,0.977751063,91.57142857,4,1
20180428,0.002909677,0.00288585,0.9,243.4285714,4,0
20180429,0.000870378,0.000211608,0.936866467,102,1,1
20180430,0.000537442,0.000165177,0.989641177,79.42857143,1,1
20180502,0.000862743,0.000289112,0.993568321,254.8571429,0,1
20180503,0.003103873,0.001304792,0.893099502,162.7142857,1,0
20180504,0.002121762,0.00072664,0.971012928,222.2857143,1,1
20180505,0.001229201,0.000347124,0.943832669,257,0,0
20180506,0.000947934,0.000204264,0.963909261,47,1,1
20180507,0.000944395,0.000277779,0.976664118,202.4285714,1,1
20180508,0.002331081,0.000838344,0.905209058,283.4285714,4,0
20180509,0.001831942,0.001206244,0.979489313,270.7142857,4,1
20180510,0.002690129,0.001071269,0.930843834,220.4285714,4,0
20180511,0.000812446,0.000421112,0.983751259,270.5714286,0,1
20180512,0.000369377,0.000106377,0.991809336,77,4,1
20180513,0.00147423,0.001166867,0.930661303,272.1428571,4,1
20180514,0.0015974,0.000787135,0.921160912,254.2857143,0,1
20180515,0.000800844,0.000246694,0.98355827,237,1,1
20180516,0.000798077,0.000237028,0.983153823,217.7142857,3,1
20180517,0.001184568,0.000262855,0.988596985,238.5714286,5,1
20180518,0.002374026,0.001738051,0.936980398,262.2857143,0,1
20180519,0.001444106,0.000414174,0.968830578,83,1,1
20180520,0.002121638,0.001244396,0.903009777,250.7142857,1,0
20180521,0.002051422,0.001410702,0.906103049,267.4285714,0,1
20180522,0.000359224,0.00022268,0.98778798,69.14285714,1,1
20180523,0.003205509,0.002385497,0.93,251.2857143,1,0
20180524,0.006893738,0.004021933,0.908792332,259.1428571,0,0
20180525,0.002215563,0.00176101,0.86610209,265.8571429,0,0
20180526,0.00143945,0.00056406,0.984186684,223,0,1
20180527,0.000970016,0.000440581,0.981242275,38,5,1
20180528,0.001786841,0.001483612,0.953678721,182,1,1
20180529,0.004523521,0.003130649,0.899553099,254.1428571,0,0
20180530,0.000723057,0.000469297,0.981743616,251.4285714,0,1
20180531,0.002524801,0.000488574,0.980992171,178.2857143,0,1
20180601,0.0044931,0.001486608,0.901223769,248.4285714,3,0
20180602,0.001855882,0.00079583,0.93643114,254.8571429,3,0
20180603,0.002375279,0.00140505,0.925482441,260.4285714,0,0
20180604,0.003594651,0.000429804,0.967349022,183.5714286,1,1
20180605,0.001191382,0.000218648,0.931118824,211.7142857,1,1
20180606,0.002876291,0.001134593,0.793051613,296.2857143,5,0
20180607,0.002370111,0.001899149,0.930651132,234.1428571,3,0
20180608,0.000926718,0.000359702,0.99113093,245.8571429,3,1
20180609,0.001372988,0.000772633,0.980345939,216.5714286,3,1
20180610,0.003379455,0.001181097,0.857543835,255,0,1
20180611,0.003062057,0.001339919,0.891028378,277.1428571,0,0
20180612,0.003173359,0.000868146,0.877883593,254.7142857,0,0
20180613,0.001624663,0.00019863,0.974209662,145.1428571,0,1
20180614,0.001013981,0.00033133,0.941227992,229.2857143,3,1
20180615,0.002525681,0.002066791,0.803812257,246.5714286,5,0
20180617,0.00198524,0.002043496,0.934217456,244.1428571,0,1
20180618,0.000958513,0.000186238,0.980582576,228.5714286,1,1
20180619,0.003458249,0.001311715,0.881841172,266.8571429,0,0
20180620,0.001250454,0.000403966,0.979720504,141.2857143,0,1
20180621,0.004986058,0.002052847,0.903334686,258.1428571,0,0
20180622,0.001305088,0.000396291,0.978782852,263.2857143,0,1
20180623,0.002240498,0.001390064,0.947354391,117.5714286,4,0
20180624,0.002032631,0.001621052,0.940642679,170.7142857,1,0
20180625,0.001339734,0.000825935,0.842548972,278.4285714,1,0
20180626,0.003201353,0.001261202,0.921136087,257.1428571,0,1
20180627,0.000546385,0.000344377,0.991944951,149.7142857,0,1
20180628,0.001992972,0.000746192,0.953504478,209.7142857,1,1
20180629,0.003494099,0.002827276,0.883450762,251.7142857,4,0
20180630,0.002652933,0.001677821,0.909288368,233.1428571,0,1
20180701,0.001746693,0.001039298,0.896122953,228.7142857,0,0
20180702,0.00354909,0.001572899,0.911572929,233.8571429,0,1
20180703,0.003311355,0.001939186,0.943596161,237,0,0
20180704,0.001574492,0.000756938,0.910855421,234.8571429,0,1
20180705,0.001296086,0.000743001,0.98028887,237.8571429,0,1
20180706,0.003176165,0.002247754,0.908410223,258.5714286,1,0
20180707,0.001625244,0.000828108,0.905463193,265.4285714,0,0
20180708,0.002534071,0.000900022,0.915808029,245.5714286,0,1
20180709,0.001401374,0.000892277,0.915537954,249.2857143,0,1
20180710,0.001592439,0.000809646,0.971964871,244.7142857,0,1
20180711,0.003256408,0.002452191,0.887883842,262.2857143,1,0
20180712,0.00162243,0.001024979,0.897558714,259,0,1
20180713,0.001494586,0.000656345,0.925204983,240.5714286,3,1
20180714,0.00352076,0.00221563,0.889093223,211.2857143,1,0
20180715,0.003530092,0.000730506,0.926694015,272.7142857,3,0
20180717,0.001692044,0.00046318,0.944918467,75.71428571,1,0
20180718,0.00106788,0.000445569,0.92096722,264.1428571,1,1
20180719,0.002694205,0.001018414,0.912966491,253.2857143,0,1
20180720,0.001158361,0.000350213,0.953704575,251.1428571,0,1
20180721,0.001129174,0.000814357,0.968371962,254.1428571,0,1
20180722,0.002576173,0.00218888,0.946840638,224.7142857,4,0
20180723,0.001932189,0.000552032,0.943350545,250.7142857,1,1
20180724,0.004682288,0.002782039,0.829000698,228.5714286,3,0
20180725,0.002211701,0.001590032,0.957553962,109.2857143,1,1
20180726,0.003973969,0.003155471,0.755060876,256.7142857,1,0
20180727,0.001155447,0.000603255,0.962827634,247.2857143,0,1
20180728,0.002887062,0.002634009,0.942866833,265.8571429,3,0
20180729,0.003225538,0.003236187,0.932898198,275.2857143,0,0
20180730,0.000719856,0.000265651,0.991172998,217.1428571,0,1
20180731,0.00362702,0.002953134,0.936562686,235.7142857,0,0
20180801,0.002525735,0.002924261,0.832502303,87.42857143,3,0
20180802,0.001101349,0.000494804,0.980316421,226,1,1
20180803,0.001098488,0.000192599,0.986954095,234.7142857,1,1
20180804,0.004303467,0.005545224,0.737267753,225.1428571,1,0
20180805,0.002793476,0.001353087,0.972510824,220.1428571,4,1
20180806,0.001606764,0.001018974,0.980172782,214.8571429,0,1
20180807,0.002569262,0.002834708,0.957241326,194.4285714,0,1
20180808,0.000909347,0.000446397,0.989447715,195.7142857,1,1
20180809,0.003327065,0.001752282,0.925552564,235.4285714,1,0
20180810,0.003362023,0.002237686,0.93,215.8571429,0,0
20180811,0.001386063,0.000772732,0.970483698,91.14285714,1,1
20180812,0.00223241,0.003365226,0.906298206,131,4,0
20180813,0.001631475,0.001323905,0.92,84.57142857,4,0
20180814,0.012508506,0.005937304,0.869287036,243.8571429,4,0
20180815,0.002577502,0.00112705,0.970377321,215.8571429,3,1
20180816,0.000845953,0.000409716,0.992033774,215.5714286,0,1
20180817,0.001816189,0.000813204,0.943078062,219.1428571,1,0
20180818,0.002143074,0.001177538,0.943601524,169.2857143,1,0
20180819,0.001124919,0.000476642,0.992635124,215.2857143,1,1
20180820,0.001965462,0.000371848,0.973328875,186.1428571,5,1
20180821,0.000656325,0.000243923,0.986381341,227.1428571,5,1
20180822,0.003008278,0.000374681,0.95223386,239.5714286,1,1
20180823,0.002560329,0.001770527,0.954926631,251.5714286,3,1
20180824,0.001677788,0.000829385,0.975679576,212.5714286,0,1
20180825,0.002647862,0.001031715,0.937235629,216.7142857,0,0
20180826,0.001936596,0.00079719,0.971983066,183.4285714,0,1
20180827,0.001987701,0.000585622,0.96715373,213.4285714,0,1
20180828,0.003244295,0.001950182,0.948019677,192.8571429,0,1
20180829,0.002448999,0.000969449,0.943149954,254.8571429,0,0
20180830,0.003341213,0.001721996,0.938821195,247,0,0
20180831,0.001094139,0.000868658,0.980217989,214.4285714,3,1
20180901,0.00129932,0.000970472,0.964814063,145.4285714,3,1
20180902,0.001836921,0.00078616,0.955523914,246.1428571,0,1
20180903,0.002430321,0.000962093,0.926081375,227.5714286,0,0
20180904,0.00290495,0.002334219,0.894297956,211.4285714,0,0
20180905,0.001903004,0.000816927,0.908459597,216.7142857,0,0
20180906,0.001561253,0.000469575,0.976276461,187.2857143,1,1
20180907,0.003487338,0.000516816,0.94030907,163.7142857,3,0
20180908,0.000703236,0.000334738,0.994032981,131.8571429,3,1
20180909,0.000656916,0.000378444,0.972516717,164.1428571,0,1
20180910,0.000623872,0.000180793,0.978548958,81.57142857,1,1
20180912,0.002172303,0.000291339,0.990998988,189.8571429,1,1
20180913,0.004858084,0.001753929,0.900841099,210.1428571,1,0
20180914,0.003210858,0.001624927,0.802981655,232,3,0
20180915,0.003080725,0.001258072,0.894644599,202.8571429,4,0
20180916,0.002952496,0.001604412,0.939753315,187.1428571,4,1
20180917,0.002700726,0.000494909,0.979840933,193.2857143,0,1
20180918,0.002932175,0.000829521,0.845356935,217.5714286,4,0
20180919,0.002645501,0.001501516,0.939734877,206.4285714,4,0
20180920,0.003602257,0.002810478,0.910921963,206.7142857,3,0
20180921,0.000902662,0.000494737,0.980738551,50.28571429,3,1
20180922,0.000719207,0.000152813,0.986846929,193.5714286,1,1
20180923,0.000719879,0.000168049,0.994525336,164.7142857,0,1
20180924,0.000977335,0.001144095,0.977568538,72.28571429,3,1
20180925,0.000795102,0.000653335,0.94245094,26.85714286,1,0
20180926,0.001678498,0.000754483,0.963029327,104.2857143,1,1
20180927,0.000919244,0.000304987,0.987619784,170,1,1
20180928,0.00118788,0.001194527,0.968873191,210.1428571,1,1
20180929,0.001649297,0.000951875,0.861152902,223.5714286,0,0
20180930,0.001474791,0.000669887,0.967107808,191,0,1
20181001,0.000693875,0.000210872,0.973071197,45.85714286,1,1
20181002,0.000668733,8.13E-05,0.987982697,40.28571429,4,1
20181003,0.00124952,0.000350666,0.989560865,95.14285714,4,1
20181004,0.001168909,0.000191029,0.981972748,164.4285714,5,1
20181005,0.001465254,0.000926939,0.924924031,192,0,0
20181006,0.001306246,0.000319887,0.979506553,61.85714286,3,1
20181007,0.00401807,0.001029279,0.890384011,111.4285714,1,0
20181008,0.000735569,0.00014986,0.988234186,50.42857143,5,1
20181009,0.002443489,0.001390641,0.933829457,178.5714286,5,0
20181010,0.003976432,0.002439004,0.800480278,201.1428571,0,0
20181011,0.00234597,0.002753358,0.97473731,33.71428571,4,1
20181012,0.002959517,0.002339259,0.798588018,168.8571429,1,0
20181013,0.002021536,0.000908596,0.894887789,161.4285714,1,0
20181014,0.001582622,0.000574289,0.92344543,173.8571429,0,0
20181015,0.000764498,0.000434234,0.975251739,32.85714286,5,1
20181016,0.002859214,0.001829739,0.88546335,170.7142857,1,0
20181017,0.001008424,0.000491649,0.978646046,149.2857143,0,1
20181018,0.002327524,0.001486565,0.805817205,215.4285714,0,0
20181019,0.004065764,0.002137069,0.72775989,165.4285714,0,0
20181020,0.001804495,0.000752931,0.914744157,154.8571429,0,0
20181021,0.001390014,0.000305676,0.929907926,243.2857143,1,0
20181022,0.001428424,0.000650533,0.987441501,87.42857143,0,1
20181023,0.001381743,0.000419241,0.945122263,133.8571429,1,0
20181024,0.000551052,0.000139855,0.987783858,55.28571429,1,1
20181025,0.002991856,0.001725389,0.95684678,131.8571429,0,0
20181026,0.003727187,0.002067065,0.869156363,139.4285714,0,0
20181027,0.000271082,0.000161749,0.980187676,74.42857143,1,1
20181028,0.000891641,0.000324364,0.982755068,112.2857143,1,1
20181029,0.000927522,0.0003381,0.973453479,69.85714286,1,1
20181030,0.002729211,0.001008818,0.968791948,110.7142857,0,1
20181031,0.001209654,0.000284781,0.974218369,130.5714286,0,1
20181101,0.000566949,0.000205696,0.985134739,27.42857143,4,0
20181102,0.000542889,6.15E-05,0.982304101,50.85714286,4,1
20181103,0.001046846,0.000406817,0.936710286,54.28571429,1,1
20181104,0.002749644,0.001443025,0.94595026,105.7142857,0,0
20181105,0.000950677,0.000287173,0.982980818,57.14285714,1,1
20181106,0.00067959,0.000141186,0.984241131,30.71428571,4,1
20181107,0.001955091,0.000689105,0.637536459,118.4285714,0,0
20181108,0.00185013,0.000294204,0.991887127,60.28571429,0,1
20181109,0.001412335,0.002067919,0.961293179,50,1,1
20181110,0.003497686,0.001640582,0.931863677,90.14285714,1,0
20181111,0.003248249,0.00346761,0.855956865,90.85714286,0,0
20181112,0.001788736,0.001309498,0.92052574,82.28571429,0,1
20181113,0.001635216,0.000218975,0.958161961,38.57142857,1,0
20181114,0.003597433,0.002610571,0.793867484,98.42857143,0,0
20181115,0.000485159,0.00012263,0.994930608,65.14285714,2,1
20181117,0.015240391,0.004902561,0.088729395,5.714285714,2,0
20181118,0.003076596,0.002119615,0.446008411,32.85714286,2,0
20181119,0.008018157,0.001981758,0.418853195,9.428571429,2,0
20181120,0.008824046,0.004926529,0.568845379,8.428571429,2,0
20181121,0.002012745,0.000525638,0.929856681,20.71428571,1,0
20181122,0.003884415,0.00106013,0.872489465,24.71428571,2,0
20181123,0.010666577,0.004042966,0.368530124,23.85714286,0,0
20181124,0.003684374,0.001047953,0.672102217,25.28571429,0,0
20181125,0.000852631,0.000192527,0.980683625,45.28571429,4,1
20181126,0.000387952,9.01E-05,0.986971687,47.71428571,4,1
20181127,0.019811731,0.016600716,0.480803441,5.857142857,1,0
20181128,0.006786383,0.002271395,0.771081374,8,3,0
20181129,0.004503229,0.003841969,0.843779606,21.14285714,3,0
20181130,0.000168659,3.17E-05,0.992210095,60.57142857,0,1
20181201,0.000456084,4.24E-05,0.992134452,60.85714286,3,1
20181202,0.00102426,0.000432392,0.974348699,22.71428571,4,0
20181203,0.000766474,0.000238578,0.978940308,60,4,1
20181204,0.002098553,0.00070269,0.721566285,72.14285714,0,0
20181205,0.001150569,0.000427352,0.898082613,68.42857143,0,0
20181206,0.001720123,0.000250905,0.986613414,63.28571429,0,1
20181207,0.003083811,0.000600273,0.79731926,27.71428571,0,0
20181208,0.002779014,0.000961166,0.764447482,49.28571429,0,0
20181209,0.002166137,0.000724068,0.685868064,78,0,0
20181210,0.001622239,0.000481737,0.812681986,75.85714286,0,0
20181211,0.001356159,0.000837312,0.857307184,68.14285714,0,0
20181212,0.000608995,0.000156798,0.979207393,52,0,1
20181213,0.000842271,0.000244522,0.97183795,39.28571429,0,1
20181214,0.001675487,0.000384246,0.954603671,58.85714286,3,1
20181215,0.000428458,0.000119002,0.994726863,64.57142857,5,1
20181216,0.00055631,5.75E-05,0.985313748,35.14285714,1,1
20181217,0.001850429,0.000672311,0.951561397,16.71428571,1,0
20181218,0.002651486,0.000522147,0.56004153,74.85714286,2,0
20181219,0.002495632,0.001354533,0.727195123,81.85714286,2,0
20181221,0.000464155,0.000172812,0.981060648,36.42857143,1,1
20181222,0.000543617,7.95E-05,0.984789185,34,1,1
20181224,0.002665664,0.000928909,0.80312106,14.14285714,5,0
20181225,0.007909825,0.003662928,0.536029549,13.57142857,0,0
20181226,0.002491555,0.002202506,0.958161353,12.14285714,0,0
20181227,0.003516376,0.001255081,0.817388978,21.14285714,0,0
20181228,0.00065497,0.000271085,0.988049278,27,1,1
20181229,0.00070074,0.000409497,0.959052294,53.57142857,4,1
20181230,0.001557825,0.000452521,0.985908051,55.71428571,0,1
20181231,0.00069435,0.000192911,0.993334914,47.14285714,2,1
20190101,0.00261749,0.000343206,0.983279883,57.71428571,1,1
20190102,0.002325776,0.000900998,0.885327758,59.71428571,2,0
20190103,0.000743717,0.000272123,0.964426176,42,2,1
20190104,0.00063416,0.000125052,0.99279484,56.85714286,2,1
20190105,0.000838959,8.25E-05,0.995117011,81.57142857,1,1
20190106,0.001257896,0.00053414,0.965145941,55.42857143,3,1
20190107,0.000375594,0.00018118,0.993842204,66.57142857,0,1
20190108,0.000825649,0.000209909,0.912952169,84.42857143,4,0
20190109,0.001553721,0.001653087,0.9,48.85714286,4,0
20190110,0.000393405,0.000176491,0.961178296,72.85714286,5,1
20190111,0.00195821,0.000679516,0.802471018,93,0,0
20190112,0.002538343,0.000855561,0.592126028,99.28571429,0,0
20190113,0.002340689,0.000826611,0.635661952,91.71428571,0,0
20190114,0.003995629,0.002056341,0.678328541,101,5,0
20190115,0.000698072,0.000164961,0.995456274,87,0,1
20190116,0.001140901,0.00046213,0.920889232,46.28571429,0,0
20190117,0.002034256,0.000784733,0.926067593,74.85714286,0,0
20190118,0.000486391,0.000111096,0.986298403,28,3,0
20190119,0.000510726,0.000315694,0.991179061,65.42857143,2,1
20190124,0.003197475,0.003717239,0.916797276,12.42857143,1,0
20190125,0.001226296,0.000393303,0.960205357,78.14285714,0,1
20190126,0.000685611,0.000327742,0.971901169,88.28571429,0,1
20190127,0.000450987,0.000220592,0.989842783,68.28571429,0,1
20190128,0.001997431,0.000635952,0.803167163,121.4285714,3,0
20190129,0.003116729,0.001544384,0.699226982,28.71428571,2,0
20190130,0.063191301,0.068742535,,0.857142857,2,0
20190131,0.033509951,0.018822913,0.349408457,3.285714286,2,0
20190201,0.013765378,0.009926761,0.296214214,4.571428571,2,0
20190202,0.022046871,0.011589549,0.551026786,3.857142857,0,0
20190203,0.006801374,0.004365714,0.782993225,9.285714286,3,0
20190204,0.002209761,0.001215613,0.711418298,112.2857143,0,0
20190205,0.002523448,0.001237271,0.928620688,103.1428571,0,0
20190206,0.000646079,0.000403079,0.971901855,111.5714286,1,1
20190207,0.001089576,0.000603601,0.982052762,79.14285714,1,1
20190208,0.001059728,0.00048353,0.931084342,122.5714286,1,1
20190209,0.00306755,0.001289401,0.773637207,160.1428571,0,0
20190210,0.00239152,0.000505747,0.94012873,127.7142857,0,0
20190211,0.004336074,0.00330427,0.927395504,138.5714286,3,0
20190212,0.000696724,0.000274968,0.991040803,47.42857143,2,1
20190214,0.043702613,0.04179032,-0.124893307,5,2,0
20190215,0.016186002,0.007293211,0.80401371,22.28571429,1,0
20190216,0.007047953,0.001402783,0.734917432,30.57142857,0,0
20190217,0.00840851,0.00326883,0.60528522,47.85714286,0,0
20190218,0.007275373,0.003003835,0.433425038,5.714285714,2,0
20190219,0.00582316,0.002912228,0.709885523,11.42857143,2,0
20190220,0.010106529,0.007486902,0.792979518,7.142857143,2,0
20190221,0.009271359,0.003250015,0.62907257,26.28571429,2,0
20190222,0.006321847,0.001457862,0.507199095,173.4285714,2,0
20190223,0.000517771,0.000286503,0.994457437,127.5714286,2,1
20190224,0.002051918,0.001025369,0.971746673,57.57142857,1,1
20190225,0.001989407,0.000385955,0.976516163,176.1428571,6,1
20190226,0.00489945,0.001440701,0.865543697,205,0,0
20190227,0.001526875,0.000679161,0.971833999,125.7142857,4,1
20190228,0.006986701,0.004325069,0.908061305,7.285714286,2,0
20190301,0.004754918,0.001156411,0.88411019,10,2,0
20190302,0.003444233,0.001200543,0.965479274,14,2,0
20190303,0.004299362,0.004844114,0.92405718,199.5714286,2,0
20190304,0.008812499,0.002709984,0.760353948,8.428571429,2,0
20190305,0.006180137,0.001175132,0.819889217,8.571428571,2,0
20190306,0.007887965,0.003079948,0.858583185,11.71428571,2,0
20190307,0.005964827,0.002023668,0.791240364,10.57142857,0,0
20190308,0.007599536,0.004053959,0.835469865,10.85714286,0,0
20190309,0.009884658,0.007059411,0.760776247,59.71428571,0,0
20190310,0.010720318,0.004748413,-0.08939511,15.14285714,2,0
20190311,0.003405868,0.00091816,0.994548254,202,2,1
20190312,0.003798499,0.001002645,0.943259697,219.7142857,2,0
20190313,0.001483248,0.000799277,0.989253572,183.4285714,0,1
20190314,0.001551655,0.000346542,0.989536591,195.8571429,3,1
20190315,0.01134373,0.007469962,0.74942465,176.7142857,1,0
20190316,0.006510202,0.005502888,0.900402866,132.2857143,1,0
20190317,0.003812288,0.001215615,0.939532725,260.4285714,0,0
20190318,0.003418183,0.00255306,0.961791645,221.2857143,0,1
20190319,0.007803201,0.005856063,0.9179401,222,0,0
20190320,0.002063498,0.000677021,0.981601383,221.2857143,0,1
20190321,0.003960845,0.001432383,0.931116606,56.28571429,0,0
20190322,0.004945806,0.00082472,0.964889215,109.2857143,1,0
20190323,0.001835369,0.000562955,0.743878297,227.8571429,2,0
20190324,0.001184129,0.000277326,0.983042578,234.2857143,2,1
20190325,0.001476492,0.000746557,0.981880955,237.7142857,2,1
20190326,0.003489253,0.002796637,0.939480134,245,0,0
20190327,0.001953888,0.000949005,0.962314387,223.8571429,0,1
20190328,0.0013201,0.000570285,0.988444229,197.1428571,0,1
20190329,0.001543808,0.000667201,0.970363319,68.57142857,1,1
20190330,0.002045045,0.000966844,0.983114432,208.5714286,3,1
20190331,0.004918751,0.000787639,0.941069309,78.28571429,1,0
20190401,0.006334208,0.003206473,0.909796283,256.5714286,0,0
20190402,0.000883031,0.000410186,0.992742567,239.2857143,0,1
20190403,0.004261721,0.002288374,0.940081058,233.5714286,1,0
20190404,0.002731168,0.001212028,0.944129203,254.7142857,6,0
20190405,0.001236583,0.000859855,0.985048384,117.7142857,1,1
20190406,0.004131937,0.001241934,0.9531383,213.8571429,1,0
20190407,0.005691452,0.007084104,0.928495533,213.2857143,0,0
20190408,0.00879987,0.009409577,0.817904907,69.42857143,1,0
20190409,0.002074394,0.000564748,0.94,187.5714286,1,0
20190410,0.001854549,0.000848336,0.975974383,139.8571429,3,1
20190411,0.001110645,0.000456128,0.989855817,240.4285714,0,1
20190412,0.004258543,0.005233509,0.860786086,62.71428571,5,0
20190413,0.003817341,0.002768108,0.940722586,228.1428571,1,0
20190414,0.001712682,0.000602252,0.93,190.1428571,1,0
20190415,0.007286087,0.005567004,0.76868681,114.2857143,1,0
20190416,0.001399373,0.000699599,0.968190025,265.5714286,0,1
20190417,0.002396906,0.000972475,0.949711654,252.4285714,0,0
20190418,0.002123453,0.000656896,0.968781079,89.42857143,3,1
20190419,0.007200609,0.004095378,0.924884653,143.2857143,6,0
20190420,0.005835391,0.005758502,0.818412087,54.85714286,1,0
20190421,0.00370153,0.001089038,0.869706412,150.8571429,1,0
20190422,0.003968992,0.001426403,0.90942449,196.5714286,1,0
20190423,0.001641253,0.000453762,0.985485129,238.7142857,1,1
20190424,0.008779889,0.006259432,0.897170745,134.7142857,1,0
20190425,0.003317422,0.003404654,0.958562803,248.4285714,0,0
20190426,0.007996467,0.010342306,0.768349978,51.42857143,1,0
20190427,0.005004507,0.002716968,0.907466097,171,1,0
20190428,0.004014079,0.00134118,0.927654623,118.5714286,1,0
20190429,0.001383956,0.000940242,0.982920109,253.8571429,0,1
20190430,0.003331334,0.001924735,0.946861047,132.1428571,1,0
20190501,0.00129786,0.000398773,0.991796538,110.2857143,3,1
20190502,0.003020089,0.004224502,0.922904318,54.14285714,1,0
20190503,0.001838595,0.001265748,0.971387514,133.4285714,1,1
20190504,0.002904807,0.000805505,0.94,180.1428571,1,0
20190505,0.002271717,0.001847065,0.921676732,87,1,0
20190506,0.002068418,0.000561394,0.989005667,257.7142857,1,1
20190507,0.001183402,0.000400238,0.985044812,233.5714286,1,1
20190508,0.004552762,0.00432649,0.954585147,265.2857143,1,0
20190509,0.002397263,0.002238266,0.96714543,250,0,1
20190510,0.003326167,0.003662694,0.939798004,122.7142857,5,0
20190511,0.006740577,0.006246258,0.866382752,264.7142857,3,0
20190512,0.002790668,0.002847279,0.954010309,55.42857143,1,0
20190513,0.003268884,0.00311272,0.91,186,1,0
20190514,0.000429457,0.000225723,0.994998085,164,1,1
20190515,0.004652661,0.002259507,0.904219622,221.1428571,3,0
20190516,0.003803841,0.001250608,0.91,243.2857143,3,0
20190517,0.005033477,0.001138831,0.936304006,212.5714286,1,0
20190518,0.004195121,0.001363226,0.947537161,263.5714286,0,1
20190519,0.003912222,0.001910421,0.938447421,221.7142857,1,0
20190520,0.004648866,0.003244468,0.878015749,231.1428571,1,0
20190521,0.003913097,0.001294588,0.866596708,270.4285714,0,0
20190522,0.003667738,0.001607547,0.902932247,258,0,0
20190523,0.002472401,0.000855837,0.941129939,219,1,0
20190524,0.00253965,0.000962111,0.771470151,235.7142857,1,0
20190525,0.00159642,0.001060508,0.975990172,252.1428571,3,1
20190526,0.003897136,0.00251551,0.91475062,242.5714286,1,0
20190527,0.003281541,0.0009696,0.926169477,255.8571429,0,0
20190528,0.003450145,0.001376966,0.924449864,88.85714286,1,0
20190529,0.002929188,0.000717569,0.984734918,259.2857143,1,1
20190530,0.0082513,0.004785388,0.8954399,198.1428571,1,0
20190531,0.004679272,0.002636057,0.949474063,211,1,0
20190601,0.005191934,0.002034387,0.866814959,228.8571429,3,0
20190602,0.002864837,0.002437127,0.980075143,172.5714286,3,1
20190603,0.003673058,0.001431216,0.931239883,227.8571429,1,0
20190604,0.002207036,0.000999095,0.971402824,231.5714286,0,1
20190605,0.003801615,0.001830422,0.937368396,155.4285714,1,0
20190606,0.004914475,0.002612446,0.859284547,252.2857143,1,0
20190607,0.005143367,0.001849425,0.866940206,251,0,1
20190608,0.003595569,0.002438125,0.844333101,250.2857143,0,0
20190609,0.004429372,0.002800444,0.878195023,244.1428571,0,1
20190610,0.002584457,0.001101138,0.977703808,246.8571429,0,1
20190611,0.004097104,0.001809212,0.935215561,273.2857143,1,0
20190612,0.005076458,0.00382233,0.872710828,255.2857143,0,1
20190613,0.001807379,9.93E-05,0.987619356,198,1,1
20190614,0.004157661,0.001930634,0.88099761,162.2857143,3,0
20190615,0.002360478,0.000924021,0.98021716,256.7142857,0,1
20190616,0.004319514,0.001406746,0.938412195,48.85714286,1,0
20190617,0.00341071,0.001996616,0.905092844,260,1,0
20190618,0.002445635,0.000595655,0.917789725,176.1428571,1,0
20190619,0.00266419,0.001374339,0.974735755,242.7142857,3,1
20190620,0.003770882,0.002050498,0.93,130.8571429,1,0
20190621,0.003755295,0.003247259,0.835337774,234.2857143,1,0
20190622,0.004895066,0.002422855,0.917946914,219,0,0
20190623,0.0047285,0.00277528,0.879231607,248.8571429,0,0
20190624,0.002324312,0.001718299,0.955584665,227.2857143,0,1
20190625,0.006598577,0.003062689,0.698189252,183.7142857,1,0
20190626,0.005560118,0.004149667,0.876379759,244.8571429,3,0
20190627,0.005560556,0.002885631,0.862189119,247.8571429,3,0
20190628,0.004592742,0.003818061,0.89108836,248.7142857,0,0
20190629,0.006968011,0.005158536,0.842585404,226.2857143,1,0
20190630,0.004919358,0.002213751,0.864760393,258.1428571,1,0
20190701,0.005924331,0.003753531,0.901666691,253.8571429,0,0
20190702,0.003408684,0.001342031,0.908932717,224.4285714,3,0
20190703,0.007587981,0.001839601,0.877616928,242.4285714,0,1
20190704,0.00349013,0.001632736,0.909279005,231.5714286,0,0
20190705,0.003463828,0.001404233,0.883184522,254.2857143,0,0
20190706,0.003741023,0.001461299,0.944471426,252.8571429,1,0
20190707,0.003285964,0.002407957,0.871649621,247.8571429,0,0
20190708,0.010998773,0.003536785,0.867111227,246.5714286,0,0
20190709,0.005189218,0.002762829,0.899564315,239,0,1
20190710,0.002987413,0.001350339,0.951806377,232.7142857,0,1
20190711,0.005342357,0.001614226,0.958057208,166.4285714,3,0
20190712,0.006323063,0.002597501,0.794281036,194.4285714,1,0
20190713,0.005286199,0.003668572,0.868961954,260,0,0
20190714,0.003643423,0.001587188,0.945289116,242.4285714,0,1
20190715,0.005169641,0.00179219,0.919486333,245.8571429,0,1
20190716,0.003244909,0.002624103,0.898322035,242.1428571,0,0
20190717,0.006130421,0.00585269,0.797715391,210.2857143,1,0
20190718,0.003249355,0.002679339,0.959868824,222.5714286,1,0
20190719,0.004084918,0.001375968,0.944443324,181.2857143,3,0
20190720,0.005380445,0.003512456,0.791870728,170.2857143,3,0
20190721,0.003871024,0.001698153,0.867288833,247.2857143,0,0
20190722,0.004120978,0.001073484,0.895926691,81.85714286,1,0
20190723,0.002510451,0.00083594,0.929236164,215,1,0
20190724,0.00434371,0.001144585,0.877638792,247.7142857,0,0
20190725,0.003158059,0.001406419,0.92,232.2857143,0,0
20190726,0.005075569,0.004333248,0.909010475,231.2857143,0,0
20190727,0.004568454,0.006015217,0.905682104,234,0,0
20190728,0.006327706,0.005513973,0.940026871,203.8571429,0,0
20190729,0.008006726,0.007321635,0.908903196,210.2857143,0,0
20190730,0.003796795,0.005365144,0.934156076,224.4285714,0,0
20190731,0.005967376,0.002552237,0.865306913,169,1,0
20190801,0.003511048,0.005154251,0.919211916,238.4285714,3,0
20190802,0.004127146,0.004547575,0.9,236.4285714,0,0
20190803,0.004749687,0.002914244,0.952639952,219,0,0
20190804,0.003976472,0.003316526,0.930733497,230.2857143,0,0
20190805,0.003800737,0.003087612,0.961050766,237.2857143,0,1
20190806,0.004280504,0.004176676,0.953308822,188,3,0
20190807,0.003909451,0.001523373,0.94,220,1,0
20190808,0.003848457,0.002592752,0.949520931,232.5714286,1,0
20190809,0.006476615,0.003414889,0.92118023,245.2857143,0,0
20190810,0.004649023,0.001792742,0.937050704,268.1428571,0,0
20190811,0.004671588,0.00235246,0.94,210.1428571,0,0
20190812,0.002233723,0.000454744,0.978669353,227.7142857,0,1
20190813,0.002802089,0.00029339,0.993046008,231.4285714,3,1
20190814,0.001993922,0.001148578,0.966826215,234.5714286,3,1
20190815,0.003383855,0.00137098,0.96306528,236.8571429,3,1
20190816,0.00277384,0.001189693,0.979283823,194.7142857,3,1
20190817,0.002639618,0.001055634,0.967994054,219.4285714,3,1
20190818,0.002247876,0.001049492,0.971390029,211.5714286,1,1
20190819,0.003482817,0.001858324,0.957767835,203.7142857,1,0
20190820,0.002515824,0.001641902,0.925642729,224.1428571,0,0
20190821,0.004409218,0.006881184,0.803344973,144.5714286,1,0
20190822,0.004791322,0.001564558,0.90657438,222.8571429,3,0
20190823,0.002720788,0.001499928,0.94,203.4285714,3,0
20190824,0.006875944,0.003862319,0.900637889,211,0,0
20190825,0.004650261,0.002344478,0.857015808,229,0,0
20190826,0.004172544,0.001971517,0.716053552,171.8571429,0,0
20190827,0.001739746,0.00057675,0.934704636,209.4285714,0,1
20190828,0.00463057,0.001827062,0.718820326,157.2857143,1,0
20190829,0.002565513,0.001478653,0.935414921,225.4285714,1,0
20190830,0.004523704,0.002601948,0.787488807,201.2857143,0,0
20190831,0.001321552,0.00050925,0.975276293,220.4285714,0,1
20190901,0.003819214,0.001657461,0.829800432,181.2857143,0,0
20190902,0.003828908,0.001922095,0.396158196,102.1428571,1,0
20190903,0.005480536,0.004838349,0.604591001,149.4285714,0,0
20190904,0.005452023,0.001605256,0.675643242,163.2857143,0,0
20190905,0.001198706,0.001007382,0.961947314,178.4285714,0,1
20190906,0.001485432,0.000413104,0.976975098,145.2857143,5,1
20190907,0.007587459,0.006229638,0.324618038,140,1,0
20190908,0.005149553,0.003137349,0.786274856,191.1428571,0,0
20190909,0.00471489,0.002406599,0.911639505,221.2857143,3,0
20190910,0.00436559,0.002331289,0.530120579,129,3,0
20190911,0.003404994,0.002961585,0.90241204,225.7142857,3,0
20190912,0.003759609,0.000588212,0.913110409,40.57142857,1,0
20190913,0.007566916,0.002856105,0.840190572,208.4285714,0,0
20190914,0.009916932,0.004992444,0.840080993,38,3,0
20190915,0.004167114,0.0032535,0.869536916,216.1428571,1,0
20190916,0.003205177,0.002289421,0.959845199,207.5714286,0,0
20190917,0.002500101,0.001177568,0.954646183,207.2857143,0,0
20190918,0.003757995,0.003074456,0.911595918,238.4285714,0,0
20190919,0.002806955,0.000908601,0.729748735,160.8571429,0,0
20190920,0.002678309,0.001016346,0.963096835,196,0,1
20190921,0.001689876,0.000738841,0.91,188,0,0
20190922,0.001244083,0.001034997,0.957446309,173.8571429,0,1
20190923,0.006701368,0.002610475,0.582259359,105.8571429,3,0
20190924,0.009316447,0.005557553,0.28594447,75.42857143,1,0
20190925,0.003727831,0.002155721,0.766502646,154.2857143,0,0
20190926,0.002068727,0.000565076,0.795949408,121.2857143,1,0
20190927,0.00306193,0.003234876,0.920713816,193.5714286,0,0
20190928,0.003316082,0.001177355,0.929792069,181.1428571,0,0
20190929,0.005296516,0.002657426,0.682692856,140.1428571,0,0
20190930,0.004517671,0.002488533,0.916525351,190.7142857,3,0
20191001,0.007219948,0.008525761,0.790523477,136.2857143,1,0
20191002,0.004039516,0.001443782,0.887277097,102.1428571,1,0
20191003,0.002890843,0.002003347,0.896794697,55,3,0
20191004,0.005989107,0.001672958,0.925488347,186.7142857,1,0
20191005,0.002398265,0.001358102,0.945643405,179.5714286,0,0
20191006,0.008366484,0.002379437,0.761369205,64.57142857,0,0
20191007,0.003331016,0.002774685,0.948276552,23.71428571,1,0
20191008,0.003155218,0.002329838,0.792442325,133,1,0
20191009,0.005080608,0.003553278,0.782564656,122.7142857,1,0
20191010,0.00245735,0.001490688,0.935135986,165,3,0
20191011,0.00325029,0.001102625,0.909476271,82.71428571,1,0
20191012,0.003025731,0.000629815,0.915820423,150.8571429,1,1
20191013,0.003303479,0.00123661,0.910116315,158.5714286,3,0
20191014,0.003266091,0.001326934,0.802453873,164.7142857,3,0
20191015,0.007645786,0.008809913,0.704782417,151.5714286,0,0
20191016,0.003420238,0.000719492,0.923211529,94.14285714,1,0
20191017,0.005416253,0.002986669,0.906015281,95.14285714,1,0
20191018,0.004864206,0.002640492,0.839413099,149.8571429,3,0
20191019,0.006036491,0.006876249,0.762240976,164.4285714,0,0
20191020,0.003757894,0.001851251,0.772789872,87.14285714,5,0
20191021,0.009635413,0.006720022,0.507975725,122.4285714,0,0
20191022,0.003276664,0.003688755,0.92729386,74,1,0
20191023,0.007282284,0.005978615,0.607642441,152,1,0
20191024,0.006677149,0.004462909,0.704856961,137,0,0
20191025,0.002372106,0.003144681,0.91,98.28571429,3,0
20191026,0.004777153,0.001635845,0.803478422,123,3,0
20191027,0.004081221,0.004862261,0.702262792,21.28571429,1,0
20191028,0.003415235,0.00245029,0.852799655,75.28571429,5,0
20191029,0.00430389,0.001853861,0.829352281,74.42857143,3,0
20191030,0.005722441,0.002968608,0.816608534,87.28571429,1,0
20191031,0.007634699,0.010998323,0.633763457,23.14285714,1,0
20191101,0.005837595,0.005018064,0.883490458,115.4285714,1,0
20191102,0.009261123,0.004199018,0.601327325,113.2857143,0,0
20191103,0.00865367,0.003280759,0.727579127,91.57142857,0,0
20191104,0.002577962,0.000615749,0.949815603,86,0,0
20191105,0.005392021,0.001776903,0.885217795,59,1,0
20191106,0.013085771,0.004593274,0.722551383,105.8571429,0,0
20191107,0.004209573,0.001617202,0.824429034,13.57142857,1,0
20191108,0.003058173,0.00211113,0.831416191,109.5714286,1,0
20191109,0.003611058,0.001227551,0.704320591,90.71428571,0,0
20191110,0.004500875,0.003052773,0.720117479,86.14285714,0,0
20191111,0.00379359,0.001346837,0.9,43.57142857,3,0
20191113,0.004675472,0.002701928,0.611578141,16.68985714,0,0
20191114,0.001389161,0.000834548,0.883512211,12.679,3,0
20191115,0.002768265,0.00132995,0.751375564,38.64142857,0,0
20191116,0.004010335,0.002126163,0.766987907,91.31557143,0,0
20191117,0.004257504,0.002435167,0.85227342,88.54542857,5,0
20191118,0.002802874,0.001919473,0.935305607,42.15471429,1,0
20191119,0.005954537,0.002295555,0.667547644,9.901285714,1,0
20191120,0.002231889,0.000798331,0.859517185,36.71142857,1,0
20191121,0.007839537,0.003848459,0.738827108,70.52742857,0,0
20191122,0.008552039,0.004903723,0.658251678,17.98571429,1,0
20191123,0.00715004,0.001938878,0.780320631,65.27728571,0,0
20191124,0.008511866,0.006207363,0.751091433,21.88942857,1,0
20191125,0.001766524,0.000719597,0.945755188,45.80985714,0,0
20191126,0.003228931,0.002269985,0.734147032,76.626,0,0
20191127,0.004161483,0.000809488,0.920903934,55.167,1,0
20191128,0.002457881,0.000696928,0.833918825,27.62442857,1,0
20191129,0.00346209,0.001566961,0.931574128,38.33828571,0,0
20191130,0.005684537,0.001705132,0.641984001,67.19771429,0,0
20191201,0.002229491,0.002429238,0.975714216,45.63242857,2,1
20191210,0.002094838,0.000475901,0.364901457,39.591,1,0
20191211,0.009199792,0.003901493,0.861720497,39.49285714,2,0
20191212,0.005357165,0.00151121,0.892390588,67.56257143,2,0
20191213,0.003866636,0.002488943,0.879785856,16.54457143,1,0
20191214,0.005605211,0.00729892,0.875939612,45.19757143,1,0
20191215,0.006148134,0.004631665,0.811118682,24.32428571,0,0
20191216,0.003602403,0.002083863,0.917771323,49.54271429,3,0
20191218,0.04411675,0.021879823,-0.034304665,0.402428571,2,0
20191219,0.04764385,0.021267277,-0.355182137,1.043,2,0
20191220,0.038285988,0.044013835,-0.864216701,1.082714286,0,0
20191221,0.032154861,0.033984796,-0.630791679,0.9185,3,0
20191222,0.040554474,0.016860354,-0.127673758,1.53697619,0,0
20191223,0.01871373,0.006063387,-0.24127134,2.720285714,0,0
20191224,0.005421726,0.004337007,0.587236104,28.13628571,0,0
20191225,0.002605107,0.001802569,0.803327213,35.51485714,3,0
20191226,0.002018458,0.000789443,0.915306839,52.16757143,3,0
20191227,0.006003155,0.002438832,0.826322423,42.64228571,3,0
20191228,0.004169213,0.001388749,0.940065716,55.80314286,0,0
20191229,0.005877144,0.004947759,0.196189916,41.03057143,1,0
20191230,0.007310807,0.005141924,0.507678096,14.64414286,1,0
20191231,0.002356112,0.001881519,0.933233622,21.51457143,1,0
20200101,0.002716129,0.000850489,0.916169095,62.36285714,0,0
20200102,0.006483014,0.004193716,0.502206249,43.15842857,0,0
20200103,0.008043338,0.010662199,0.772820832,31.34442857,5,0
20200104,0.004971372,0.002487503,0.787356323,10.85442857,1,0
20200105,0.001903427,0.001617462,0.953644415,71.27071429,2,0
20200106,0.00154246,0.000527595,0.949913568,19.45457143,2,0
20200107,0.010111535,0.007876236,0.613752779,51.415,2,0
20200108,0.006661342,0.001469515,0.733265786,63.531,2,0
20200109,0.00225508,0.000814527,0.782515202,99.75842857,2,0
20200110,0.007753719,0.010192698,0.603779073,37.44257143,6,0
20200111,0.002815695,0.000987648,0.87,54.19071429,6,0
20200112,0.00542945,0.002073262,0.52886277,67.65042857,1,0
20200113,0.003252044,0.001011472,0.849650865,47.82828571,5,0
20200114,0.004639888,0.001063673,0.787310715,44.90971429,5,0