contact_1,contact_2,open_1,open_2
42.4,77.2,10.31,9.89
42.4,76.41,10.05,9.78
42.27,76.54,9.54,9.89
42.43,76.88,9.16,9.78
42.17,76.81,9.54,9.9
41.9,77.01,10.19,9.78
42.17,76.54,10.95,9.9
42.27,77.2,11.98,9.77
42.3,77.2,13.13,9.77
41.9,77.33,14.41,9.77
42.56,77.59,16.09,9.64
42.07,77.46,18.14,9.78
41.37,77.86,20.99,9.65
41.4,75.49,25.12,9.78
41.64,75.83,30.86,9.77
41.24,76.81,40.24,9.78
40.84,77.59,45.86,9.64
42.07,77.33,47.23,9.78
41.54,77.86,47.78,9.64
42.5,77.59,48.04,9.64
43.03,77.59,48.17,9.4
42.89,77.2,48.21,9.53
43.32,76.62,51.4,9.52
42.79,76.94,49.28,9.52
42.93,77.53,49.54,9.52
42.63,77.2,50.1,9.64
42.63,77.59,50.01,9.65
41.97,78.12,49.88,9.64
41.83,77.59,47.41,9.65
41.83,74.65,50.96,9.64
41.73,78.12,51.38,9.78
41.87,78.12,51.42,9.9
41.73,77.86,51.51,9.78
41.6,77.59,51.64,9.78
41.44,78.12,52.08,9.89
41.73,78.12,49.3,10.02
41.34,77.59,51.59,10.02
41.6,77.65,52.38,9.9
41.07,77.59,52.25,9.9
41.07,77.07,51.85,10.02
41.2,77.46,49.34,9.9
41.34,77.2,52.02,10.01
41.5,77.46,50.81,10.15
41.76,76.62,52.42,10.15
42.16,78.12,52.59,10.15
42.16,77.33,52.46,10.15
42.56,77.46,53.15,10.27
42.16,80.94,55.93,10.15
41.76,77.07,53.15,10.39
42.19,76.41,53.45,10.27
42.86,76.67,53.84,10.27
42.99,77.99,53.88,10.39
42.59,77.2,53.45,10.26
43.69,77.59,53.1,10.15
43.02,77.07,52.54,10.15
43.12,76.94,0,10.14
42.99,76.94,0,9.9
42.62,76.54,0,9.9
0,77.33,0,10.02
0.52,76.41,0,10.02
0.26,77.46,0,10.15
0.39,77.2,0,10.27
0.52,77.72,0,10.52
0.52,76.81,0,10.39
0.39,76.28,0,10.39
0.39,76.75,0,10.28
0.26,76.48,0,10.27
0.52,76.54,0,10.27
0.39,76.54,0,10.27
0.39,76.81,0,10.28
0.39,76.81,0,10.39
0.39,76.67,0,10.39
0.39,76.81,0,10.39
0.39,76.94,0,10.53
0.52,77.2,0,10.52
0.39,77.2,0,10.65
0.39,76.75,0,10.77
0.52,73.6,0,10.89
0.52,77.07,0,10.89
0.39,77.2,0,10.77
0.39,77.46,0,10.9
0.26,76.41,0,10.89
0.26,77.07,0,10.89
0.39,73.2,0,11.02
0.52,76.62,0,11.02
0.39,77.2,0,11.15
0.52,76.15,0,11.27
0.39,76.62,0,11.15
0.65,75.76,0,11.15
0.64,73.34,0,10.9
0.38,76.81,0,10.64
0.39,76.28,0,10.39
0.51,76.02,0,10.39
0.38,76.54,0,10.28
0.38,74.91,0,9.91
0.38,77.99,0,9.65
0.51,74.7,0,9.65
0.38,74.12,0,9.4
0.38,74.44,0,9.65
0.38,74.52,0,10.15
0.38,75.83,0,10.64
0.25,76.28,0,10.9
0.38,76.35,0,10.9
0.25,75.57,0,10.89
0.38,76.15,0,10.9
0.51,75.83,0,11.14
0.38,75.83,0,11.39
0.25,75.17,0,11.52
0.38,75.04,0,11.52
0.38,74.84,0,10.65
0.38,74.91,0,9.41
0.38,75.3,0,8.29
0.51,75.3,0,6.92
0.51,75.44,0,6.06
0.38,74.52,0,5.19
33.95,74.91,1.4,4.44
34.37,75.17,3.44,4.2
34.24,74.65,6.51,4.07
34.66,75.17,8.69,4.07
34.92,74.78,14.21,4.2
34.53,74.65,12.55,4.07
34.68,74.25,11.13,4.2
34.68,74.52,10.36,4.44
35.47,75.17,10.23,5.06
35.11,73.99,10.61,5.68
35.11,73.86,11.52,6.67
34.71,74.25,12.28,7.66
34.84,74.12,14.09,9.03
34.74,74.91,15.25,9.28
34.71,73.86,14.73,8.78
34.74,74.07,12.68,7.66
35,74.65,10.35,6.67
35,73.99,8.43,6.18
35.03,74.25,7.28,5.56
35.42,74.12,6.12,4.94
35.55,73.86,5.1,4.57
35.42,73.54,4.46,4.44
35.82,73.6,4.08,4.32
35.42,73.47,3.82,4.19
35.55,73.6,3.7,4.32
35.58,70.79,3.57,4.32
35.58,74.39,3.44,4.32
35.42,74.39,3.31,4.44
35.58,73.6,3.31,4.32
35.32,73.54,3.18,4.32
35.16,73.94,3.69,4.32
35.32,73.34,3.82,4.32
35.45,73.2,4.08,4.19
35.45,73.41,4.46,4.44
35.19,72.62,4.84,4.44
35.05,72.89,5.35,4.57
34.95,72.23,6.38,4.56
34.79,72.49,6.25,4.56
34.82,72.49,6.25,4.56
34.55,72.18,6.25,4.56
35.21,72.23,6.12,4.69
35.21,71.58,6.25,4.81
35.11,70.87,6.64,4.94
35.21,71.71,6.63,4.94
35.24,70.08,6.63,4.94
35.08,71.39,6.5,4.94
35.24,71.97,6.76,5.56
35.11,72.18,7.78,6.29
34.71,72.31,9.2,6.92
35.24,71.78,9.84,7.16
35.24,71.91,10.09,6.67
35.4,72.36,9.2,6.05
35.24,71,7.78,5.55
35.37,72.18,6.77,4.94
35.11,71.31,5.74,4.69
35.66,71.26,5.61,4.69
35.77,71.71,5.74,4.69
35.66,71.91,5.61,4.69
35.53,71.52,5.35,4.44
35.5,71.71,5.1,4.44
0.65,71.58,0,4.44
0.39,71.78,0,4.44
0.39,74.85,0,4.44
0.26,71.65,0,4.44
0.52,71.26,0,4.69
0.39,71.39,0,4.81
0.26,71.65,0,4.94
0.39,70.87,0,5.06
0.52,71,0,4.94
0.26,71.31,0,4.69
0.39,74.72,0,4.44
0.52,72.1,0,4.44
0.52,71.52,0,4.32
0.39,71.65,0,4.44
0.39,71.52,0,4.44
0.39,71.78,0,4.32
0.39,71.71,0,4.31
0.52,71.65,0,4.44
0.38,71.39,0,4.44
0.39,72.36,0,4.56
0.51,71.78,0,4.56
0.51,72.44,0,4.44
0.25,71.84,0,4.44
0.38,72.18,0,4.44
0.25,71.91,0,4.44
0.38,71.44,0,4.31
0.38,71.65,0,4.32
0.38,71.26,0,4.44
0.25,71,0,4.44
0.38,71.78,0,4.44
0.38,72.18,0,4.44
0.38,71.91,0,4.31
0.25,72.05,0,4.44
0.38,71.13,0,4.32
0.38,71.52,0,4.44
0.25,71.78,0,4.44
0.51,71.58,0,4.44
0.51,72.05,0,4.56
0.38,72.23,0,4.69
0.38,71.91,0,4.81
0.51,72.31,0,4.94
0.38,71.44,0,5.05
0.38,72.31,0,5.06
0.38,72.18,0,5.43
0.25,71.97,0,6.05
0.38,72.49,0,7.04
0.38,72.49,0,7.78
0.38,75.12,0,7.91
0.38,72.31,0,7.29
0.38,72.18,0,6.17
0.38,72.62,0,5.55
0.38,72.57,0,4.94
0.51,72.7,0,4.56
0.25,72.18,0,4.44
0.38,72.57,0,4.32
0.25,72.7,0,4.31
0.25,72.23,0,4.32
0.38,72.57,0,4.31
0.25,72.44,0,4.32
0.38,72.1,0,4.44
27.55,72.44,1.27,4.31
27.7,72.57,3.43,4.32
27.86,72.05,6.76,4.31
27.59,71.97,8.93,4.31
27.86,72.44,14.58,4.31
27.75,72.1,12.66,4.32
27.75,72.18,11.11,4.31
27.75,72.31,9.7,4.19
27.46,71.78,9.06,4.31
27.61,71.91,8.54,4.56
27.77,71.91,7.91,4.44
27.64,72.18,7.26,4.44
27.64,72.62,6.5,4.31
27.9,71.52,5.86,4.07
27.9,72.23,5.35,4.19
27.9,71.91,4.96,4.07
27.9,71.97,4.71,4.19
27.92,72.18,4.58,4.07
27.92,71.52,4.2,4.07
27.79,72.23,4.07,4.07
27.79,72.44,3.94,4.07
27.79,72.1,3.56,4.07
27.92,71.97,3.56,3.94
27.92,71.65,3.43,4.07
27.81,71.65,3.3,3.94
27.66,72.31,3.3,4.07
27.81,71.97,3.18,4.07
27.94,71.65,3.05,4.07
27.94,71.52,3.05,4.07
27.94,71.52,2.92,4.07
27.94,72.05,3.18,4.07
27.94,71.65,3.43,4.19
27.81,74.98,3.69,4.07
27.68,71.91,4.2,4.07
27.94,71.39,4.58,4.19
27.81,71.26,4.96,4.19
27.81,71.39,5.6,4.19
27.96,71.91,6.37,4.31
27.68,71.78,7.65,4.31
27.7,71.65,9.31,4.31
27.55,71.26,11.37,4.56
27.68,70.87,14.83,4.44
27.57,71.26,15.1,4.56
27.55,71.13,15.24,4.56
27.31,70.34,15.62,4.68
27.44,70.74,16.39,4.81
27.44,70.87,15.24,4.81
27.7,70.6,14.85,4.81
27.31,70.08,13.82,4.56
27.17,70.21,12.92,4.44
27.31,69.69,12.03,4.31
27.31,70.16,11.9,4.31
27.17,69.76,11.38,4.19
27.17,69.95,10.99,4.19
27.17,70.03,10.74,4.31
27.04,69.5,10.48,4.07
27.17,69.5,10.23,4.19
27.04,69.56,9.96,4.19
27.15,69.63,9.45,4.19
27.31,69.24,9.32,4.07
0.52,69.24,0,3.94
0.39,69.24,0,3.94
0.39,68.85,0,4.07
0.39,72.64,0,4.07
0.39,68.98,0,4.07
0.25,69.11,0,4.19
0.51,68.72,0,4.07
0.51,69.11,0,4.06
0.25,68.98,0,4.19
0.38,68.85,0,4.19
0.38,68.06,0,4.19
0.51,71.6,0,4.31
0.51,68.46,0,4.31
0.38,68.06,0,4.31
0.38,68.19,0,4.44
0.51,68.59,0,4.44
0.25,67.8,0,4.56
0.38,70.29,0,4.56
0.38,67.1,0,4.44
0.38,67.1,0,4.44
0.12,67.8,0,4.44
0.51,67.75,0,4.56
0.38,67.36,0,4.56
0.51,67.88,0,4.56
0.38,66.96,0,4.56
0.38,66.96,0,4.44
0.38,66.57,0,4.44
0.51,66.83,0,4.56
0.25,67.1,0,4.44
0.38,66.57,0,4.44
0.38,66.83,0,4.44
0.38,66.96,0,4.44
0.38,66.57,0,4.44
0.25,66,0,4.31
0.51,66.96,0,4.44
0.38,66.13,0,4.44
0.51,66.05,0,4.44
0.38,66.57,0,4.44
0.51,66.26,0,4.31
0.51,67.1,0,4.44
0.25,66.52,0,4.31
0.51,66.57,0,4.44
0.51,66.31,0,4.44
0.25,65.74,0,4.56
0.38,66.39,0,4.56
0.51,65.87,0,4.68
0.51,65.79,0,4.56
0.38,65.61,0,4.44
0.38,65.61,0,4.44
0.38,64.82,0,4.44
0.25,65.61,0,4.44
0.38,64.3,0,4.44
0.38,64.3,0,4.44
0.38,65.92,0,4.44
0.51,68.27,0,4.44
0.38,65.61,0,4.44
0.38,64.95,0,4.56
0.51,64.95,0,4.56
0.38,64.82,0,4.68
0.51,64.69,0,4.81
25.03,64.64,1.27,4.93
25.31,64.43,3.56,5.3
25.96,64.43,7.14,5.42
25.98,64.38,12,5.67
26.38,64.56,25.4,5.67
26.12,64.95,21.39,5.67
26.51,64.04,18.17,5.42
26.66,64.12,15.22,5.3
26.66,64.43,12.91,5.05
26.66,64.38,11.23,5.05
26.68,64.51,10.21,5.18
26.68,65.21,9.57,5.31
26.94,64.64,9.31,5.42
27.2,64.17,8.67,5.31
27.22,64.82,8.16,5.05
27.09,64.82,7.26,5.18
27.35,64.82,7.01,5.67
27.2,64.9,7.39,5.92
27.31,64.3,7.52,6.17
27.22,64.17,7.14,6.17
27.48,64.25,6.63,5.92
27.35,65.08,6.24,5.8
27.61,64.64,5.86,5.79
27.61,64.82,5.6,5.8
27.51,64.69,5.35,5.68
27.64,64.12,5.09,5.55
27.51,64.56,4.96,5.68
27.51,64.51,4.84,5.92
27.64,63.99,4.71,5.92
27.77,64.3,5.09,6.54
27.51,63.99,5.86,7.04
27.53,64.25,6.88,7.41
27.92,64.3,7.9,7.78
27.79,64.25,9.05,8.15
27.79,64.04,10.46,8.52
27.79,63.99,12.26,9.14
27.92,63.99,14.44,9.14
28.05,63.78,17.15,9.14
27.92,64.64,20.38,9.52
28.16,64.95,25.95,10.01
27.94,64.43,34.57,10.39
27.94,64.12,45.19,10.76
27.81,64.51,46.13,10.63
28.18,64.95,45.1,10.51
28.33,64.77,42.63,10.88
28.75,65.03,45.68,11.25
28.86,64.56,47.67,12
29.01,64.95,49.66,12.25
29.03,65.08,52.21,12.5
29.14,65.35,53.29,12.62
28.88,65.35,54.03,13
29.14,67.96,56.2,13.38
29.27,65.61,58.63,13.87
29.14,64.82,61.16,14
29.14,65.48,62.57,14
29.27,65.16,63.79,14.12
29.41,65.08,66.33,14.5
29.65,62.03,71.08,14.63
29.41,65.43,70.22,14.62
29.43,65.21,69.43,14.5
0.39,65.21,0,14.37
0.26,65.35,0,14.38
0.51,65.61,0,14.38
0.25,65.61,0,14.5
0.38,65.35,0,14.5
0.38,65.48,0,14.5
0.38,65.08,0,14.63
0.51,65.08,0,14.75
0.38,64.51,0,14.89
0,64.69,0,14.63
0,64.43,0,14.01
0,65.03,0,13.14
0,65.74,0,12.51
0,65.48,0,12.14
0,65.08,0,12.14
0,65.08,0,12.26
0,65.03,0,12.27
0,65.48,0,12.4
0,65.74,0,12.77
0,65.21,0,12.77
0.25,66.18,0,13.26
0.38,63.38,0,13.39
0.51,67.15,0,13.51
0.25,64.74,0,13.26
0.51,63.25,0,12.77
0.38,64.22,0,12.02
0.38,64.35,0,11.64
0.38,63.69,0,11.53
0.25,63.43,0,11.53
0.51,63.25,0,11.65
0.38,63.12,0,11.78
0.25,63.43,0,12.26
0.25,63.56,0,12.89
0.38,63.69,0,13.14
0.38,67.23,0,13.02
0.38,64.04,0,13.02
0.38,64.3,0,13.02
0.25,64.35,0,13.52
0.51,64.04,0,13.89
0.38,64.35,0,14.27
0.38,61.03,0,14.51
0.38,63.52,0,14.27
0.38,63.25,0,13.65
0.38,63.65,0,13.03
0.38,63.78,0,12.89
0.38,62.73,0,13.4
0.51,63.52,0,13.52
0.51,62.99,0,13.4
0.51,64.04,0,12.53
0.38,64.35,0,11.53
0.38,62.08,0,10.77
0.38,63.17,0,10.28
0.38,63.91,0,10.4
0.25,64.43,0,10.78
0.38,63.52,0,11.03
0.38,64.17,0,11.03
20.97,63.65,0,10.78
20.83,63.78,0,10.53
20.83,62.78,0,10.53
20.83,63.52,0,10.53
20.7,62.47,1.53,9.91
20.84,63.38,3.7,8.79
20.84,63.17,7.29,7.42
20.96,63.96,15.25,6.43
21.1,64.04,26.76,5.93
21.23,62.86,20.94,5.81
20.99,63.52,17.81,6.06
21.1,62.99,16.8,6.68
21.12,63.78,16.93,7.42
21.12,63.38,17.06,8.3
21.27,63.12,18.36,9.03
21.38,62.6,17.71,8.54
21.38,64.04,14.99,7.54
21.38,63.65,12.29,6.43
21.51,62.99,9.72,5.93
21.53,62.86,8.31,5.56
21.53,63.12,7.29,5.31
21.4,63.78,6.51,5.19
21.4,64.04,6.13,5.19
21.53,62.6,5.87,5.19
21.53,59.42,5.62,5.07
21.27,62.6,5.36,5.19
21.4,62.6,5.23,5.07
21.36,63.52,4.98,5.06
21.67,63.52,4.72,5.07
21.66,62.6,4.72,5.19
21.9,65.53,4.46,5.56
21.66,63.78,4.59,5.81
22.07,62.73,4.72,6.3
21.94,63.65,5.49,7.05
21.94,62.73,6.76,8.29
21.95,63.52,8.69,9.78
21.94,66.88,11.26,11.26
21.94,63.43,13.83,11.89
21.82,62.73,16.02,11.89
21.54,62.6,17.83,11.64
21.95,62.86,19.64,11.39
21.95,63.12,22.37,11.39
22.21,63.12,26.66,11.53
22.08,62.86,33.46,11.77
22.21,63.25,45.04,12.15
22.21,63.12,61.55,12.15
22.08,63.91,60.9,11.64
22.23,63.65,58.16,11.27
22.08,62.73,55.85,11.02
22.08,64.04,54.89,10.77
22.21,63.91,53.8,10.65
22.08,62.86,53.02,10.4
22.34,63.12,51.28,10.15
21.95,62.99,51.28,10.4
22.08,62.6,52.63,10.9
22.23,64.04,54.28,11.27
22.36,62.73,56.54,11.28
22.23,64.17,56.67,11.16
22.21,64.3,56.15,11.15
22.23,64.56,55.63,11.27
0.38,64.04,56.46,11.65
0.25,64.43,59.34,12.15
0.38,60.77,61.84,12.64
0.38,64.3,64.08,13.03
0.38,64.82,0,13.27
0.38,63.91,0,13.52
0.25,65.53,0,13.76
0.38,64.35,0,13.89
0.38,64.35,0,13.65
0.38,64.61,0,13.39
0.38,65.35,0,13.4
0.38,64.87,0,13.4
0.51,64.74,0,13.4
0.51,64.48,0,13.03
0.38,65.53,0,12.78
0.38,65.66,0,12.65
0.38,65.13,0,12.65
0.38,64.35,0,12.9
0.38,66.18,0,13.03
0.38,63.65,0,13.03
0.38,64.35,0,12.78
0.38,65.66,0,12.03
0.51,65,0,11.03
0.38,65.4,0,9.92
0.38,64.66,0,9.42
0.38,65.45,0,9.67
0.38,65.4,0,10.54
0.38,64.74,0,11.28
0.25,64.79,0,12.16
0.51,66.05,0,13.15
0.51,61.69,0,13.78
0.25,65,0,14.02
0.38,65.13,0,14.28
0.38,64.87,0,14.53
0.38,64.09,0,14.4
0.25,63.25,0,14.9
0.38,64.09,0,15.15
0.51,64.27,0,15.27
0.38,64.35,0,15.4
0.25,65.13,0,15.41
0.38,64.87,0,15.4
0.38,64.09,0,15.4
0.38,64.22,0,14.9
0.25,63.43,0,14.79
0.25,63.83,0,14.65
0.38,64.43,0,14.53
0.38,63.83,0,14.53
0.51,63.38,0,14.53
0.38,63.12,0,14.4
0.51,63.78,0,14.4
0.38,64.09,0,14.4
0.38,63.04,0,14.4
0.38,64.04,0,14.54
0.51,64.22,0,14.53
0.25,64.04,0,14.53
0.51,63.69,0,14.65
0.51,63.17,0,14.54
0.51,64.04,0,14.4
0.51,63.43,0,14.29
0.38,63.96,0,14.15
20.28,64.48,0,14.15
20.15,64.09,0,14.03
20.29,63.3,0,14.03
20.16,63.69,0,14.03
20.29,64.43,1.27,14.04
20.16,63.56,3.84,14.28
20.18,63.65,7.82,14.66
20.18,64.56,32.79,14.79
20.44,63.96,73.94,14.66
20.18,64.35,62.91,14.9
20.05,63.56,53.37,15.04
20.18,62.08,47,15.02
20.31,65,42.25,15.16
20.32,65,38.29,15.28
20.18,65.18,35.14,15.28
20.05,65.53,32.27,15.41
20.19,65.31,30.02,15.41
20.32,64.35,28.07,15.55
20.45,64.35,26.37,15.55
20.45,65.13,24.93,15.53
20.19,64.87,23.36,15.79
20.21,64.87,22.33,15.79
20.34,63.96,21.43,16.03
20.47,61.16,20.64,16.17
20.32,64.01,19.73,16.17
20.47,63.83,19.07,16.17
20.6,64.04,18.3,16.17
20.47,63.83,17.53,16.17
20.47,64.35,16.87,16.29
20.47,65.4,16.22,16.17
20.47,64.22,15.58,16.17
20.6,64.09,15.06,16.17
20.84,64.09,14.94,16.17
20.86,64.74,15.97,16.04
20.86,63.87,17.25,15.92
20.88,64.61,18.57,15.79
20.61,64.74,20.25,15.79
20.88,63.83,22.46,15.92
21.01,64.61,25.32,15.79
21.27,64.22,28.46,15.92
21.01,65.13,33.07,15.92
21.14,64.09,39.65,16.04
21.01,67.41,49.19,16.04
21.4,63.69,64.33,16.18
21.4,64.87,83.14,16.29
21.79,63.3,84.73,16.29
21.53,64.61,85.39,16.42
21.4,64.09,85.52,16.43
21.54,64.35,88.57,16.54
21.54,64.22,85.91,16.54
21.41,63.56,86.38,16.68
21.27,64.04,86.97,16.68
21.67,63.56,87.04,16.8
21.41,64.22,87.77,16.68
21.4,60.12,87.77,16.93
21.41,63.56,87.84,16.8
21.67,63.12,87.97,16.68
21.41,63.52,87.77,16.8
21.56,63.52,87.9,16.8
21.69,62.6,87.84,16.68
0.38,63.04,87.43,16.68
0.51,63.38,87.43,16.68
0.38,62.34,87.37,16.55
0.25,63.78,87.16,16.8
0.38,63.65,0,16.69
0.38,63.17,0,16.55
0.38,63.52,0,16.55
0.38,63.83,0,16.68
0.51,63.17,0,16.43
0.38,62.73,0,16.68
0.38,63.96,0,16.55
0.25,63.25,0,16.55
0.38,63.96,0,16.68
0.38,62.91,0,16.8
0.25,62.99,0,16.69
0.25,63.43,0,16.93
0.38,67.41,0,16.93
0.51,63.12,0,16.94
0.38,63.69,0,17.05
0.38,63.91,0,17.07
0.25,64.35,0,17.19
0.38,63.78,0,17.07
0.38,64.09,0,17.07
0.38,63.17,0,17.19
0.51,63.61,0,17.19
0.51,64.17,0,17.19
0.51,63.43,0,17.31
0.25,64.61,0,17.31
0.38,63.43,0,17.44
0.38,63.56,0,17.44
0.38,63.04,0,17.44
0.51,63.38,0,17.31
0.38,63.96,0,17.31
0.38,64.22,0,17.31
0.51,64.3,0,17.31
0.51,64.09,0,17.31
0.38,63.56,0,17.31
0.38,62.86,0,17.31
0.38,62.78,0,17.2
0.51,63.78,0,17.19
0.51,63.56,0,17.19
0.51,60.77,0,17.19
0.38,62.78,0,17.33
0.38,63.43,0,17.19
0.38,63.83,0,17.19
0.38,63.17,0,17.33
0.51,63.78,0,17.45
0.38,60.9,0,17.44
0.38,63.65,0,17.45
0.38,63.52,0,17.33
0.25,62.91,0,17.31
0.51,63.56,0,17.33
0.25,63.38,0,17.33
0.38,63.3,0,17.2
0.38,63.12,0,17.31
0.51,62.91,0,17.33
0.38,63.56,0,17.33
0.25,63.17,0,17.33
0.38,64.22,0,17.33
0.51,63.43,0,17.45
20.41,64.61,0,17.33
20.67,64.56,0,17.45
20.68,64.48,0,17.33
20.54,64.17,0,17.33
20.55,63.96,1.41,17.33
20.55,63.12,3.85,17.33
20.55,63.83,7.85,17.2
20.55,62.7,32.16,17.33
20.57,64.09,88.57,17.33
20.96,62.86,74.58,17.33
21.22,62.6,64.48,17.33
21.22,63.83,56.98,17.33
21.35,63.56,50.69,17.33
21.49,61.16,45.78,17.2
21.22,62.13,41.53,17.33
21.35,63.38,38.07,17.2
21.09,65.92,35.18,17.2
21.1,63.69,32.65,17.33
21.38,62.91,30.44,17.08
21.23,63.65,28.57,17.2
21.09,62.78,26.86,17.2
21.51,63.52,25.44,17.08
21.1,62.6,24.14,17.08
20.97,62.86,22.95,17.2
20.97,63.65,21.9,17.07
20.99,62.73,20.99,17.2
20.99,63.91,20.21,17.08
21.51,63.3,19.42,17.08
21.12,60.16,18.51,17.22
20.99,62.86,17.85,17.2
21.25,63.3,17.22,17.08
21.12,63.69,16.69,17.08
20.99,63.83,16.56,17.2
21.12,63.25,17.87,17.2
20.99,63.43,19.29,17.2
21.01,63.96,20.99,17.33
21.12,63.78,22.95,17.2
21.14,63.96,25.57,17.34
21.27,63.3,28.57,17.2
21.27,63.17,32.55,17.34
21.27,63.17,37.68,17.22
21.14,69.5,45.02,17.33
21.4,63.96,55.4,17.2
21.53,63.17,72.04,17.22
21.4,62.86,90.11,17.2
21.66,63.3,90.51,17.2
21.27,62.73,90.04,17.34
21.79,60.9,90.64,17.34
21.79,63.91,90.58,17.34
21.94,63.83,90.51,17.34
21.67,64.09,90.98,17.34
21.81,63.43,90.71,17.34
21.41,62.91,91.05,17.47
21.54,59.68,90.98,17.47
21.54,64.09,91.12,17.47
21.67,63.52,91.18,17.47
21.94,62.73,90.85,17.47
21.81,63.17,91.12,17.47
21.69,63.04,90.98,17.34
21.81,64.09,91.05,17.36
0.51,63.78,91.12,17.47
0.38,63.78,90.98,17.47
0.51,62.86,90.98,17.47
0.51,63.91,90.98,17.47
0.51,63.17,0,17.59
0.51,63.04,0,17.59
0.38,63.83,0,17.48
0.51,63.12,0,17.47
0.38,63.12,0,17.61
0.51,64.22,0,17.47
0.38,63.56,0,17.59
0.51,63.04,0,17.61
0.51,63.96,0,17.72
0.38,63.96,0,17.47
0.51,63.12,0,17.59
0.38,64.17,0,17.59
0.38,63.83,0,17.59
0.51,63.52,0,17.47
0.38,62.34,0,17.72
0.38,61.99,0,17.47
0.51,61.82,0,17.61
0,62.65,0,17.59
0.51,64.61,0,17.61
0.38,64.14,0,17.48
0.38,64.09,0,17.48
0.38,64.01,0,17.59
0.51,64.92,0,17.61
0.38,64.92,0,17.61
0.51,65.05,0,17.61
0.51,64.92,0,17.73
0.38,64.66,0,17.73
0.51,65.4,0,17.61
0.38,64.92,0,17.61
0.38,64.92,0,17.73
0.25,65.84,0,17.73
0.25,64.66,0,17.73
0.51,65.58,0,17.73
0.25,64.27,0,17.73
0.51,64.01,0,17.59
0.38,64.79,0,17.73
0.38,64.4,0,17.86
0.38,64.66,0,17.73
0.38,65.31,0,17.73
0.51,65.18,0,17.73
0.38,64.4,0,17.86
0.38,61.47,0,17.73
0.25,65.31,0,17.73
0.38,65.05,0,17.73
0.38,65.31,0,17.73
0.38,65.45,0,17.73
0.38,61.86,0,17.73
0.38,67.15,0,17.73
0.38,64.27,0,17.86
0.38,62.7,0,17.73
0.51,63.83,0,17.73
0.38,65.18,0,17.73
0.38,65.58,0,17.73
0.51,65.58,0,17.73
19.35,64.53,0,17.73
19.5,64.53,0,17.86
19.37,65.84,0,17.73
19.37,65.71,0,17.87
19.24,65.58,0,17.73
19.64,65.05,0,17.73
19.64,65.71,1.41,17.86
19.9,65.58,3.86,17.73
19.64,65.31,7.74,17.73
19.51,64.22,28.03,17.75
19.9,68.51,92.56,17.75
20.03,65.45,82.4,17.87
20.44,64.53,70.46,17.75
20.44,64.92,61.81,17.75
20.18,63.69,54.83,17.87
20.31,63.04,49.16,17.87
20.57,65.58,44.83,17.75
20.57,64.79,40.97,17.75
20.97,64.66,37.8,17.87
20.32,64.4,35.39,17.73
20.45,64.01,33.01,17.87
19.92,64.92,31.03,18
19.92,64.27,29.2,17.87
19.66,65.45,27.62,17.87
19.93,64.53,26.17,17.75
20.19,64.92,24.99,17.87
21.12,65.45,23.8,17.87
21.12,64.92,22.63,17.75
21.25,65.45,21.84,18
21.38,64.4,20.93,17.87
21.51,65.31,20,17.87
21.51,64.35,19.48,17.87
21.38,64.92,18.69,17.87
21.25,64.4,17.91,17.76
21.25,65.58,17.63,17.87
21.14,65.45,19.08,17.87
21.38,65.31,20.65,17.87
21.64,63.61,22.36,17.87
21.25,65.31,24.58,17.75
21.12,65.05,27.21,17.87
21.01,65.58,30.49,17.75
20.99,58.16,34.6,18
20.99,62.17,40.28,17.87
20.86,63.17,48.18,17.75
21.01,64.4,59.48,17.87
20.88,64.27,77.55,17.87
21.14,64.79,92.05,17.87
21.14,65.45,92.32,17.75
21.41,65.31,92.79,17.88
21.27,65.05,92.8,17.87
21.23,64.66,92.93,17.87
21.41,65.58,93,17.87
21.14,65.05,93,17.87
21.14,65.97,93.14,17.75
21.01,65.84,92.87,17.87
21.14,65.84,93.14,17.75
21.41,65.84,92.87,17.87
21.41,65.05,92.87,17.75
21.81,65.05,92.6,17.75
21.41,65.05,92.67,17.87
0.38,65.05,92.81,17.75
0.38,65.05,92.67,17.75
0.38,65.18,92.61,17.75
0.25,65.05,92.74,17.87
0.38,64.66,92.67,17.75
0.51,65.18,92.67,17.88
0.51,64.92,0,17.75
0.38,65.97,0,17.75
0.51,65.97,0,17.76
0.38,64.92,0,17.75
0.25,64.66,0,17.87
0.25,64.79,0,17.87
0.38,64.66,0,17.75
0.38,64.79,0,17.75
0.38,62.39,0,17.75
0.25,64.4,0,17.76
0.38,64.01,0,17.75
0.38,67.67,0,17.5
0.38,64.53,0,17.63
0.38,65.84,0,17.75
0.38,65.97,0,17.5
0.38,66.23,0,17.62
0.38,65.05,0,17.63
0.38,62.04,0,17.62
0.38,65.97,0,17.37
0.38,65.18,0,17.62
0.51,66.75,0,17.51
0.51,65.89,0,17.5
0.38,66.54,0,17.51
0.38,68.77,0,17.51
0.38,65.97,0,17.5
0.38,65.97,0,17.51
0.38,67.33,0,17.38
0.51,66.28,0,17.51
0.51,65.89,0,17.5
0.51,66.1,0,17.5
0.51,66.67,0,17.38
0.38,67.02,0,17.38
0.51,66.28,0,17.38
0.51,66.28,0,17.37
0.38,66.02,0,17.37
0.51,65.71,0,17.37
0.38,66.02,0,17.26
0.38,65.97,0,17.37
0.38,65.71,0,17.37
0.38,65.5,0,17.37
0.25,66.41,0,17.25
0.38,65.89,0,17.25
0.38,66.28,0,17.38
0.38,65.58,0,17.38
0.51,65.5,0,17.38
0.51,65.05,0,17.38
0.38,65.31,0,17.37
0.25,65.89,0,17.38
0.38,65.18,0,17.37
0.38,65.31,0,17.38
0.51,66.1,0,17.38
0.38,65.05,0,17.38
0.38,66.28,0,17.37
0.38,65.45,0,17.38
,,0,17.51
,,0,17.37
,,0,17.51
,,0,17.26
,,0,17.51
,,0,17.38
,,1.41,17.38
,,3.74,17.38
,,7.75,17.38
,,26.75,17.38
,,92.23,17.52
,,80.47,17.51
,,69.19,17.51
,,60.8,17.51
,,54.12,17.51
,,48.88,17.51
,,44.37,17.38
,,40.77,17.51
,,37.59,17.63
,,35.05,17.38
,,32.8,17.51
,,30.56,17.51
,,28.86,17.51
,,27.27,17.51
,,25.81,17.38
,,24.62,17.51
,,23.58,17.51
,,22.41,17.51
,,21.35,17.51
,,20.57,17.38
,,19.77,17.51
,,18.99,17.38
,,18.33,17.52
,,17.68,17.63
,,17.42,17.51
,,18.85,17.51
,,20.29,17.38
,,22,17.65
,,24.08,17.51
,,26.86,17.52
,,29.9,17.52
,,34.11,17.51
,,39.43,17.51
,,46.77,17.51
,,57.81,17.52
,,75.35,17.52
,,89.51,17.38
,,89.64,17.38
,,89.64,17.4
,,91.99,17.4
,,89.57,17.4
,,89.71,17.52
,,90.45,17.63
,,90.11,17.38
,,90.18,17.38
,,90.04,17.4
,,90.04,17.38
,,89.84,17.4
,,89.91,17.4
,,89.97,17.38
,,89.77,17.27
,,89.84,17.4
,,89.57,17.51
,,90.04,17.4
,,90.18,17.4
,,89.97,17.38
,,0,17.38
,,0,17.4
,,0,17.38
,,0,17.38
,,0,17.38
,,0,17.38
,,0,17.52
,,0,17.38
,,0,17.38
,,0,17.38
,,0,17.38
,,0,17.52
,,0,17.4
,,0,17.52
,,0,17.4
,,0,17.4
,,0,17.4
,,0,17.52
,,0,17.38
,,0,17.38
,,0,17.52
,,0,17.4
,,0,17.4
,,0,17.52
,,0,17.4
,,0,17.4
,,0,17.52
,,0,17.52
,,0,17.52
,,0,17.4
,,0,17.52
,,0,17.52
,,0,17.52
,,0,17.52
,,0,17.63
,,0,17.52
,,0,17.52
,,0,17.51
,,0,17.52
,,0,17.52
,,0,17.52
,,0,17.52
,,0,17.52
,,0,17.52
,,0,17.52
,,0,17.79
,,0,17.52
,,0,17.65
,,0,17.65
,,0,17.63
,,0,17.52
,,0,17.65
,,0,17.65
,,0,17.65
,,0,17.52
,,0,17.65
,,0,17.65
,,0,17.65
,,0,17.52
,,0,17.65
,,1.42,17.52
,,3.74,17.65
,,7.63,17.54
,,23.92,17.65
,,89.9,17.65
,,81.52,17.65
,,69.96,17.65
,,61.82,17.52
,,54.87,17.52
,,49.35,17.65
,,44.93,17.65
,,41.19,17.65
,,37.99,17.66
,,35.37,17.65
,,32.98,17.65
,,30.99,17.52
,,29.16,17.65
,,27.42,17.65
,,26.23,17.65
,,24.9,17.65
,,23.73,17.66
,,22.82,17.66
,,21.76,17.66
,,20.84,17.65
,,20.05,17.9
,,19.39,17.77
,,18.74,17.77
,,17.95,17.77
,,17.82,17.79
,,19.13,17.77
,,20.7,17.9
,,22.54,17.9
,,24.77,17.77
,,27.42,17.9
,,30.71,17.77
,,34.95,17.79
,,40.54,17.79
,,48.16,17.77
,,59.7,17.65
,,78.18,17.77
,,90.65,17.77
,,90.71,17.66
,,90.65,17.65
,,90.45,17.66
,,90.65,17.79
,,90.85,17.77
,,90.98,17.79
,,90.92,17.66
,,90.99,17.66
,,91.12,17.77
,,90.99,17.79
,,90.78,17.77
,,90.99,17.66
,,90.99,17.79
,,90.92,17.77
,,91.05,17.77
,,91.12,17.66
,,91.19,17.79
,,91.19,17.91
,,91.46,17.91
,,0,17.66
,,0,17.91
,,0,17.79
,,0,17.91
,,0,18.04
,,0,17.9
,,0,17.77
,,0,17.9
,,0,17.91
,,0,17.79
,,0,17.91
,,0,17.79
,,0,17.91
,,0,17.79
,,0,17.91
,,0,17.91
,,0,17.91
,,0,17.91
,,0,17.91
,,0,17.91
,,0,18.04
,,0,17.91
,,0,17.9
,,0,17.91
,,0,18.04
,,0,17.91
,,0,17.79
,,0,17.91
,,0,17.91
,,0,17.91
,,0,17.91
,,0,17.79
,,0,17.91
,,0,17.91
,,0,17.79
,,0,17.91
,,0,17.91
,,0,17.91
,,0,17.91
,,0,17.91
,,0,17.79
,,0,17.79
,,0,17.91
,,0,17.91
,,0,17.79
,,0,17.79
,,0,17.91
,,0,17.91
,,0,17.79
,,0,17.79
,,0,17.91
,,0,17.91
,,0,17.79
,,0,17.91
,,0,17.79
,,0,17.91
,,0,17.91
,,0,17.91
,,0,17.79
,,0,17.91
,,1.42,18.04
,,3.75,17.91
,,7.64,17.79
,,24.19,17.79
,,93.24,17.91
,,84.04,17.79
,,71.92,17.79
,,62.97,17.91
,,55.96,17.79
,,50.08,17.8
,,45.53,17.79
,,41.78,17.91
,,38.57,17.79
,,35.81,17.79
,,33.4,17.66
,,31.28,17.66
,,29.58,17.79
,,27.86,17.79
,,26.55,17.79
,,25.2,17.79
,,24.03,17.66
,,22.98,17.66
,,22.05,17.79
,,21.12,17.79
,,20.21,17.79
,,19.54,17.79
,,18.89,17.8
,,18.24,17.79
,,17.96,17.79
,,19.28,17.66
,,20.84,17.8
,,22.55,17.79
,,24.81,17.79
,,27.44,17.66
,,30.73,17.68
,,35,17.79
,,40.57,17.66
,,48.59,17.79
,,59.79,17.66
,,78.11,17.79
,,91.12,17.8
,,91.39,17.79
,,91.46,17.66
,,91.52,17.68
,,93.55,17.93
,,91.32,17.93
,,91.52,17.8
,,91.46,17.93
,,91.46,17.91
,,91.66,17.91
,,91.8,17.93
,,91.59,17.93
,,91.8,17.93
,,91.66,17.93
,,91.46,17.91
,,91.32,17.93
,,91.32,17.91
,,91.32,17.93
,,91.46,17.91
,,91.46,17.93
,,0,17.93
,,0,17.8
,,0,17.8
,,0,17.66
,,0,17.8
,,0,17.93
,,0,17.93
,,0,17.8
,,0,17.8
,,0,17.68
,,0,17.91
,,0,17.79
,,0,17.68
,,0,17.79
,,0,17.8
,,0,17.79
,,0,17.66
,,0,17.68
,,0,17.8
,,0,17.8
,,0,17.8
,,0,17.68
,,0,17.68
,,0,17.68
,,0,17.93
,,0,17.55
,,0,17.68
,,0,17.8
,,0,17.8
,,0,17.8
,,0,17.66
,,0,17.8
,,0,17.8
,,0,17.8
,,0,17.68
,,0,17.68
,,0,17.55
,,0,17.68
,,0,17.8
,,0,17.93
,,0,17.68
,,0,17.68
,,0,17.8
,,0,17.68
,,0,17.8
,,0,17.68
,,0,17.93
,,0,17.66
,,0,17.8
,,0,17.68
,,0,17.55
,,0,17.68
,,0,17.68
,,0,17.55
,,0,17.68
,,0,17.68
,,0,17.55
,,0,17.55
,,0,17.43
,,0,17.55
,,1.29,17.55
,,3.62,17.43
,,7.51,17.68
,,21.07,17.55
,,88.77,17.55
,,81.25,17.55
,,69.8,17.66
,,61.43,17.55
,,54.78,17.43
,,49.02,17.41
,,44.61,17.54
,,41.02,17.68
,,37.94,17.43
,,35.16,17.69
,,32.9,17.55
,,30.78,17.43
,,29.05,17.55
,,27.33,17.55
,,25.89,17.43
,,24.57,17.55
,,23.39,17.43
,,22.46,17.41
,,21.4,17.43
,,20.48,17.43
,,19.83,17.43
,,19.16,17.43
,,18.38,17.43
,,17.72,17.54
,,17.46,17.55
,,18.9,17.55
,,20.21,17.3
,,22.05,17.43
,,24.03,17.55
,,26.66,17.43
,,29.69,17.43
,,33.79,17.31
,,39.28,17.43
,,46.78,17.43
,,57.94,17.3
,,75.25,17.3
,,87.23,17.43
,,87.49,17.43
,,87.36,17.43
,,87.62,17.44
,,87.82,17.55
,,87.55,17.43
,,90.38,17.43
,,87.95,17.43
,,88.69,17.43
,,88.42,17.43
,,88.49,17.43
,,88.22,17.3
,,88.15,17.3
,,88.15,17.3
,,87.88,17.43
,,88.15,17.43
,,88.28,17.44
,,88.15,17.44
,,88.15,17.43
,,88.28,17.31
,,0,17.57
,,0,17.55
,,0,17.43
,,0,17.57
,,0,17.55
,,0,17.55
,,0,17.55
,,0,17.57
,,0,17.55
,,0,17.55
,,0,17.43
,,0,17.55
,,0,17.44
,,0,17.44
,,0,17.55
,,0,17.43
,,0,17.57
,,0,17.55
,,0,17.44
,,0,17.43
,,0,17.43
,,0,17.43
,,0,17.55
,,0,17.57
,,0,17.55
,,0,17.44
,,0,17.68
,,0,17.57
,,0,17.44
,,0,17.43
,,0,17.44
,,0,17.43
,,0,17.55
,,0,17.55
,,0,17.55
,,0,17.43
,,0,17.69
,,0,17.57
,,0,17.44
,,0,17.55
,,0,17.55
,,0,17.43
,,0,17.55
,,0,17.44
,,0,17.57
,,0,17.55
,,0,17.44
,,0,17.44
,,0,17.31
,,0,17.69
,,0,17.69
,,0,17.55
,,0,17.55
,,0,17.43
,,0,17.55
,,0,17.57
,,0,17.55
,,0,17.57
,,0,17.57
,,0,17.69
,,1.29,17.68
,,3.62,17.57
,,7.51,17.57
,,21.22,17.68
,,88.37,17.57
,,81.11,17.82
,,69.93,17.55
,,61.3,17.57
,,54.68,17.57
,,49.33,17.69
,,44.9,17.57
,,41.02,17.55
,,38.1,17.69
,,35.29,17.55
,,32.9,17.57
,,30.78,17.57
,,29.08,17.82
,,27.61,17.57
,,26.16,17.57
,,24.72,17.69
,,23.65,17.69
,,22.61,17.69
,,21.67,17.57
,,20.76,17.43
,,19.96,17.69
,,19.18,17.57
,,18.51,17.57
,,17.87,17.57
,,17.6,17.44
,,19.05,17.57
,,20.48,17.55
,,22.2,17.44
,,24.31,17.68
,,26.94,17.57
,,30.13,17.69
,,34.37,17.57
,,39.81,17.57
,,47.57,17.68
,,58.96,17.44
,,76.83,17.57
,,87.9,17.44
,,88.1,17.57
,,88.23,17.69
,,88.09,17.44
,,88.56,17.57
,,88.63,17.69
,,88.56,17.69
,,90.92,17.44
,,88.76,17.82
,,88.62,17.44
,,88.69,17.57
,,88.76,17.69
,,88.76,17.57
,,88.62,17.57
,,88.69,17.69
,,88.82,17.69
,,88.55,17.69
,,88.62,17.57
,,88.62,17.69
,,88.75,17.57
,,0,17.55
,,0,17.69
,,0,17.55
,,0,17.57
,,0,17.69
,,0,17.69
,,0,17.57
,,0,17.57
,,0,17.57
,,0,17.82
,,0,17.44
,,0,17.69
,,0,17.57
,,0,17.57
,,0,17.57
,,0,17.57
,,0,17.44
,,0,17.57
,,0,17.57
,,0,17.57
,,0,17.69
,,0,17.58
,,0,17.69
,,0,17.57
,,0,17.55
,,0,17.57
,,0,17.57
,,0,17.57
,,0,17.57
,,0,17.69
,,0,17.57
,,0,17.57
,,0,17.69
,,0,17.69
,,0,17.57
,,0,17.58
,,0,17.44
,,0,17.69
,,0,17.57
,,0,17.58
,,0,17.57
,,0,17.57
,,0,17.69
,,0,17.57
,,0,17.58
,,0,17.58
,,0,17.57
,,0,17.57
,,0,17.57
,,0,17.45
,,0,17.69
,,0,17.45
,,0,17.57
,,0,17.45
,,0,17.57
,,0,17.58
,,0,17.69
,,0,17.45
,,0,17.69
,,0,17.58
,,1.29,17.57
,,3.62,17.57
,,7.52,17.57
,,19.66,17.45
,,111.75,17.69
,,81.04,17.57
,,69.72,17.69
,,61.21,17.58
,,54.86,17.57
,,49.33,17.44
,,44.9,17.69
,,41.05,17.7
,,38,17.45
,,35.18,17.69
,,32.93,17.57
,,30.83,17.57
,,28.95,17.69
,,27.64,17.45
,,26.04,17.57
,,24.85,17.57
,,23.65,17.57
,,22.61,17.58
,,21.69,17.44
,,20.65,17.57
,,19.85,17.57
,,19.18,17.44
,,18.4,17.57
,,17.87,17.45
,,17.73,17.44
,,18.93,17.57
,,20.5,17.44
,,22.33,17.57
,,24.45,17.44
,,27.09,17.69
,,30.39,17.57
,,34.66,17.44
,,40.23,17.58
,,47.91,17.57
,,59.49,17.58
,,77.83,17.58
,,87.76,17.45
,,88.16,17.69
,,87.96,17.44
,,88.09,17.57
,,88.16,17.57
,,88.36,17.45
,,86.07,17.57
,,88.35,17.44
,,88.22,17.44
,,88.35,17.57
,,88.29,17.58
,,88.29,17.44
,,88.28,17.44
,,88.35,17.44
,,88.55,17.58
,,88.48,17.57
,,88.62,17.58
,,88.41,17.44
,,88.68,17.57
,,88.61,17.57
,,0,17.57
,,0,17.57
,,0,17.57
,,0,17.44
,,0,17.44
,,0,17.45
,,0,17.44
,,0,17.58
,,0,17.57
,,0,17.44
,,0,17.44
,,0,17.45
,,0,17.58
,,0,17.45
,,0,17.44
,,0,17.58
,,0,17.44
,,0,17.44
,,0,17.57
,,0,17.58
,,0,17.44
,,0,17.44
,,0,17.31
,,0,17.31
,,0,17.57
,,0,17.33
,,0,17.44
,,0,17.57
,,0,17.58
,,0,17.57
,,0,17.44
,,0,17.44
,,0,17.33
,,0,17.44
,,0,17.45
,,0,17.57
,,0,17.58
,,0,17.45
,,0,17.33
,,0,17.45
,,0,17.33
,,0,17.2
,,0,17.31
,,0,17.44
,,0,17.45
,,0,17.44
,,0,17.45
,,0,17.2
,,0,17.45
,,0,17.31
,,0,17.44
,,0,17.45
,,0,17.31
,,0,17.44
,,0,17.31
,,0,17.45
,,0,17.44
,,0,17.57
,,0,17.44
,,0,17.58
,,1.42,17.45
,,3.62,17.33
,,7.78,17.45
,,21.61,17.45
,,89.17,17.33
,,81.44,17.44
,,69.9,17.31
,,60.59,17.45
,,53.93,17.45
,,48.57,17.33
,,44.28,17.45
,,40.53,17.33
,,37.47,17.44
,,34.82,17.45
,,32.56,17.45
,,30.56,17.45
,,28.84,17.33
,,27.11,17.33
,,25.65,17.33
,,24.47,17.19
,,23.3,17.57
,,22.36,17.44
,,21.3,17.45
,,20.38,17.45
,,19.73,17.45
,,18.93,17.44
,,18.28,17.44
,,17.74,17.33
,,17.48,17.45
,,18.66,17.44
,,20.24,17.58
,,22.23,17.45
,,24.06,17.33
,,26.96,17.58
,,30.28,17.58
,,34.26,17.45
,,39.87,17.57
,,47.38,17.58
,,59.09,17.31
,,77.08,17.58
,,86.96,17.45
,,86.95,17.31
,,86.88,17.58
,,87.75,17.33
,,87.82,17.45
,,87.68,17.45
,,87.88,17.45
,,88.08,17.44
,,87.95,17.58
,,88.29,17.45
,,88.42,17.44
,,88.49,17.45
,,88.08,17.44
,,88.15,17.33
,,88.48,17.45
,,88.08,17.45
,,88.35,17.45
,,88.14,17.58
,,88.14,17.45
,,88.48,17.45
,,0,17.58
,,0,17.45
,,0,17.58
,,0,17.58
,,0,17.45
,,0,17.45
,,0,17.45
,,0,17.58
,,0,17.58
,,0,17.58
,,0,17.45
,,0,17.45
,,0,17.58
,,0,17.45
,,0,17.44
,,0,17.45
,,0,17.45
,,0,17.58
,,0,17.58
,,0,17.45
,,0,17.58
,,0,17.45
,,0,17.45
,,0,17.58
,,0,17.7
,,0,17.58
,,0,17.45
,,0,17.45
,,0,17.45
,,0,17.58
,,0,17.45
,,0,17.45
,,0,17.58
,,0,17.7
,,0,17.58
,,0,17.58
,,0,17.45
,,0,17.45
,,0,17.45
,,0,17.45
,,0,17.58
,,0,17.45
,,0,17.58
,,0,17.45
,,0,17.45
,,0,17.45
,,0,17.7
,,0,17.58
,,0,17.45
,,0,17.45
,,0,17.58
,,0,17.7
,,0,17.45
,,0,17.58
,,0,17.45
,,0,17.45
,,0,17.45
,,0,17.33
,,0,17.45
,,0,17.33
,,1.42,17.45
,,3.75,17.45
,,7.65,17.33
,,20.45,17.58
,,86.97,17.45
,,80.11,17.33
,,69.1,17.58
,,60.68,17.45
,,54.24,17.58
,,48.84,17.33
,,44.58,17.58
,,40.79,17.58
,,37.63,17.58
,,35.08,17.45
,,32.82,17.58
,,30.7,17.33
,,28.84,17.58
,,27.39,17.58
,,25.93,17.58
,,24.49,17.45
,,23.43,17.33
,,22.49,17.58
,,21.58,17.45
,,20.66,17.59
,,19.86,17.45
,,19.08,17.45
,,18.41,17.58
,,17.89,17.58
,,17.63,17.58
,,18.93,17.45
,,20.51,17.45
,,22.36,17.45
,,24.45,17.45
,,27.11,17.58
,,30.43,17.45
,,34.53,17.58
,,40.13,17.45
,,47.78,17.45
,,59.13,17.45
,,77.75,17.59
,,87.42,17.58
,,87.76,17.45
,,87.75,17.45
,,87.68,17.45
,,87.55,17.45
,,87.75,17.58
,,87.88,17.58
,,87.55,17.33
,,87.88,17.58
,,87.75,17.7
,,87.81,17.58
,,87.88,17.58
,,87.88,17.58
,,88.01,17.45
,,88.08,17.58
,,88.01,17.58
,,87.87,17.45
,,87.8,17.58
,,88.01,17.45
,,87.8,17.45
,,0,17.58
,,0,17.7
,,0,17.45
,,0,17.45
,,0,17.58
,,0,18.6
,,0,19.98
,,0,21.76
,,0,23.41
,,0,25.95
,,0,28.62
,,0,32.33
,,0,36.93
,,0,43.33
,,0,52.49
,,0,66.53
,,0,88.34
,,0,0
,,0,2.51
,,0,2.25
,,0,4.26
,,0,8.03
,,0,13.71
,,0,88.92
,,0,84.1
,,0,71.8
,,0,62.74
,,0,55.33
,,0,49.77
,,0,45.28
,,0,41.52
,,0,38.48
,,0,35.63
,,0,33.32
,,0,31.29
,,0,29.34
,,0,27.97
,,0,26.43
,,0,25.15
,,0,24.01
,,0,22.98
,,0,22.08
,,0,21.2
,,0,20.57
,,0,19.68
,,0,18.91
,,0,18.27
,,0,17.76
,,0,18.78
,,0,20.17
,,0,21.81
,,0,23.59
,,0,25.76
,,0,28.81
,,0,32.53
,,0,37.12
,,0,43.68
,,0,52.74
,,0,67.2
,,0,89.51
,,1.29,92.17
,,3.63,92.17
,,7.53,92.57
,,19.28,92.19
,,111.35,92.32
,,80.57,92.26
,,69.42,92.33
,,60.99,92.2
,,54.63,92.07
,,49,92.53
,,44.71,92.34
,,40.98,92.47
,,37.76,92.41
,,35.11,92.28
,,32.85,92.61
,,30.85,92.61
,,28.86,92.35
,,27.53,92.43
,,25.82,92.5
,,24.62,92.63
,,23.44,92.76
,,22.36,92.5
,,21.33,92.5
,,20.53,92.44
,,19.88,92.7
,,19.09,92.57
,,18.28,92.57
,,17.63,92.44
,,17.5,92.31
,,18.82,92.51
,,20.4,92.71
,,22.23,92.58
,,24.08,92.58
,,26.85,92.58
,,30.04,92.32
,,34.26,92.52
,,39.9,92.52
,,47.55,92.52
,,58.78,92.39
,,76.68,92.26
,,87.16,92.26
,,87.42,92.2
,,87.15,92.13
,,87.42,92.2
,,87.35,92.2
,,87.55,92.2
,,87.55,92.33
,,87.34,92.33
,,87.48,92.14
,,87.34,91.94
,,87.4,92.27
,,87.06,92.21
,,87.47,92.01
,,87.13,92.01
,,87.2,91.88
,,87.13,91.88
,,86.99,91.88
,,86.92,91.88
,,87.33,92.21
,,87.39,91.82
,,0,91.69
,,0,91.95
,,0,91.95
,,0,91.75
,,0,91.56
,,0,91.56
,,0,91.42
,,0,91.56
,,0,92.02
,,0,92.02
,,0,92.02
,,0,91.89
,,0,91.76
,,0,91.89
,,0,91.89
,,0,91.89
,,0,91.76
,,0,92.02
,,0,91.96
,,0,91.89
,,0,91.96
,,0,91.89
,,0,92.02
,,0,92.09
,,0,92.22
,,0,92.22
,,0,92.09
,,0,92.22
,,0,92.09
,,0,92.22
,,0,92.22
,,0,92.09
,,0,92.16
,,0,92.29
,,0,92.03
,,0,92.09
,,0,92.09
,,0,92.22
,,0,92.29
,,0,92.29
,,0,92.16
,,0,91.96
,,0,92.22
,,0,92.03
,,0,91.9
,,0,91.9
,,0,91.9
,,0,91.96
,,0,92.03
,,0,91.9
,,0,91.9
,,0,91.9
,,0,92.16
,,0,91.37
,,0,91.63
,,0,91.77
,,0,91.63
,,0,91.63
,,0,91.63
,,0,91.5
,,1.29,91.18
,,3.76,91.24
,,7.78,91.24
,,20.21,91.24
,,85.97,91.24
,,79.1,90.98
,,67.91,91.05
,,60.06,91.18
,,53.31,91.05
,,47.91,90.85
,,43.65,91.18
,,40.03,91.05
,,36.97,91.05
,,34.19,90.92
,,32.08,90.92
,,29.93,90.92
,,28.33,90.92
,,26.74,90.65
,,25.3,90.65
,,23.97,90.65
,,22.79,90.65
,,21.86,90.79
,,20.79,90.65
,,20.01,90.65
,,19.22,90.65
,,18.42,90.52
,,17.77,90.39
,,17.36,90.52
,,17.23,90.52
,,18.42,90.52
,,19.88,90.39
,,21.45,90.52
,,23.69,90.72
,,26.22,90.79
,,29.38,90.65
,,33.5,90.65
,,38.82,90.79
,,46.33,90.65
,,57.54,90.72
,,75.29,90.65
,,86.22,90.65
,,86.08,90.65
,,86.48,91.12
,,86.07,90.85
,,85.93,90.65
,,86.4,90.72
,,86.27,90.52
,,86.6,90.59
,,86.2,90.99
,,86.13,90.59
,,86.26,90.85
,,86.19,90.65
,,86.19,90.59
,,86.25,90.39
,,86.12,90.85
,,86.18,93.22
,,85.98,90.79
,,86.32,90.59
,,86.24,90.85
,,86.44,90.72
,,0,90.59
,,0,90.59
,,0,90.99
,,0,90.72
,,0,90.85
,,0,90.46
,,0,90.99
,,0,90.46
,,0,90.59
,,0,90.85
,,0,90.72
,,0,90.85
,,0,90.59
,,0,90.72
,,0,90.72
,,0,90.72
,,0,90.72
,,0,90.59
,,0,90.72
,,0,90.99
,,0,90.92
,,0,90.85
,,0,91.06
,,0,91.19
,,0,90.99
,,0,91.12
,,0,91.45
,,0,91.45
,,0,91.19
,,0,91.58
,,0,91.06
,,0,91.45
,,0,91.45
,,0,91.19
,,0,91.06
,,0,91.19
,,0,91.19
,,0,91.26
,,0,91.06
,,0,91.26
,,0,91.19
,,0,91.06
,,0,91.19
,,0,91.06
,,0,91.45
,,0,91.06
,,0,91.06
,,0,90.99
,,0,91.06
,,0,90.92
,,0,90.99
,,0,90.79
,,0,90.79
,,0,90.66
,,0,90.92
,,0,90.86
,,0,90.79
,,0,90.99
,,0,90.99
,,0,90.79
,,1.42,90.86
,,3.76,90.99
,,7.8,91.12
,,22.57,90.99
,,87.84,90.86
,,79.77,90.92
,,68.04,90.73
,,59.49,90.79
,,52.88,90.66
,,47.42,90.86
,,42.99,90.86
,,39.37,90.99
,,36.45,90.92
,,33.9,90.6
,,31.66,90.6
,,29.8,90.73
,,28.07,90.73
,,26.5,90.6
,,25.3,90.73
,,23.97,90.73
,,22.79,90.47
,,21.72,90.6
,,20.66,90.6
,,20.15,90.6
,,19.22,90.73
,,18.44,90.73
,,17.77,90.6
,,17.12,90.73
,,17.12,90.6
,,18.31,90.73
,,20.01,90.86
,,21.59,90.6
,,23.56,90.86
,,26.22,90.47
,,29.38,90.86
,,33.24,90.73
,,38.85,90.6
,,46.33,90.6
,,57.59,90.6
,,75.21,90.53
,,85.41,90.6
,,85.33,90.6
,,85.4,90.6
,,85.47,90.6
,,85.73,90.6
,,85.66,90.47
,,85.86,90.47
,,85.59,90.34
,,85.72,90.2
,,85.59,90.47
,,85.58,90.6
,,85.78,90.47
,,85.51,90.47
,,85.65,90.6
,,85.71,90.47
,,85.58,90.47
,,85.64,90.67
,,85.64,90.54
,,85.84,90.34
,,85.57,90.47
,,0,90.34
,,0,90.47
,,0,90.4
,,0,90.47
,,0,90.54
,,0,90.47
,,0,90.54
,,0,90.27
,,0,90.34
,,0,90.34
,,0,90.47
,,0,90.54
,,0,90.54
,,0,90.2
,,0,90.2
,,0,90.47
,,0,90.67
,,0,90.34
,,0,90.6
,,0,90.54
,,0,90.34
,,0,90.54
,,0,90.4
,,0,90.54
,,0,90.47
,,0,90.54
,,0,90.34
,,0,88.1
,,0,90.27
,,0,90.4
,,0,90.67
,,0,90.67
,,0,90.47
,,0,93.04
,,0,90.47
,,0,90.67
,,0,90.67
,,0,90.67
,,0,90.4
,,0,87.97
,,0,90.54
,,0,90.47
,,0,90.34
,,0,90.54
,,0,90.4
,,0,90.4
,,0,90.54
,,0,90.54
,,0,90.27
,,0,90.27
,,0,89.94
,,0,90.27
,,0,90.4
,,0,90.4
,,0,90.54
,,0,90.34
,,0,90.27
,,0,90.4
,,0,90.27
,,0,90.4
,,1.42,90.27
,,3.76,90.4
,,7.67,90.4
,,21.94,90.27
,,87.24,90.27
,,78.64,90.27
,,67.38,90.27
,,58.34,90.27
,,52.12,90.14
,,46.89,90.27
,,42.57,90.27
,,38.98,90.4
,,36.19,90.27
,,33.53,90.14
,,31.4,90.14
,,29.67,90.34
,,27.81,90.14
,,26.1,90.01
,,24.9,90.01
,,23.71,89.88
,,22.66,87.44
,,21.48,89.88
,,20.55,90.14
,,19.76,90.14
,,19.11,90.01
,,18.16,90.14
,,17.51,90.01
,,17.12,90.14
,,16.72,90.27
,,18.05,90.14
,,19.62,90.01
,,21.2,90.14
,,23.3,90.14
,,25.82,90.14
,,28.86,90.14
,,32.98,90.01
,,38.19,90.14
,,45.54,90.01
,,56.08,90.27
,,73.29,90.01
,,84.87,89.88
,,84.94,90.14
,,85,90.14
,,85.06,90.14
,,84.79,90.14
,,85.05,89.88
,,84.92,90.01
,,84.78,90.01
,,84.78,90.14
,,85.25,90.14
,,84.91,90.14
,,84.91,90.01
,,84.97,90.21
,,84.84,90.01
,,85.04,90.01
,,84.9,90.14
,,84.96,90.01
,,84.77,90.01
,,84.96,90.21
,,85.03,90.01
,,0,90.14
,,0,90.14
,,0,90.14
,,0,90.21
,,0,90.14
,,0,90.14
,,0,90.01
,,0,90.01
,,0,90.01
,,0,89.88
,,0,90.14
,,0,90.08
,,0,90.08
,,0,89.95
,,0,89.95
,,0,90.14
,,0,90.01
,,0,90.08
,,0,89.88
,,0,90.4
,,0,90.14
,,0,90.08
,,0,89.88
,,0,90.08
,,0,90.01
,,0,90.14
,,0,89.95
,,0,90.01
,,0,90.01
,,0,90.21
,,0,89.95
,,0,90.08
,,0,90.08
,,0,89.88
,,0,90.08
,,0,89.88
,,0,90.21
,,0,90.21
,,0,90.21
,,0,89.95
,,0,89.95
,,0,90.08
,,0,90.34
,,0,90.21
,,0,90.21
,,0,90.21
,,0,90.08
,,0,90.21
,,0,90.14
,,0,90.34
,,0,90.27
,,0,90.21
,,0,90.21
,,0,90.08
,,0,90.01
,,0,89.88
,,0,90.08
,,0,90.08
,,0,90.21
,,0,90.08
,,1.42,89.95
,,3.76,89.95
,,7.67,90.21
,,21.4,89.81
,,86.9,89.95
,,78.03,90.34
,,66.76,89.95
,,58.47,90.41
,,51.99,90.01
,,46.89,87.51
,,42.57,90.08
,,38.98,90.34
,,35.92,89.95
,,33.4,89.95
,,31.27,89.95
,,29.27,90.08
,,27.55,90.28
,,26.1,89.81
,,24.64,89.81
,,23.33,90.21
,,22.4,89.81
,,21.48,89.95
,,20.42,90.21
,,19.63,89.95
,,18.84,89.81
,,18.18,90.21
,,17.52,89.81
,,16.99,90.08
,,16.86,90.28
,,18.05,89.81
,,19.62,89.95
,,21.33,90.01
,,23.18,89.95
,,25.82,90.15
,,28.73,89.95
,,32.74,90.08
,,38.19,90.21
,,45.57,90.01
,,55.95,89.81
,,73.42,90.08
,,84.74,92.12
,,84.8,90.08
,,84.86,90.01
,,84.79,89.95
,,84.99,90.15
,,85.13,90.01
,,85.05,89.95
,,84.98,90.01
,,85.12,90.15
,,85.05,90.41
,,84.98,90.15
,,85.24,90.15
,,85.11,90.34
,,85.31,90.28
,,85.37,90.01
,,85.23,90.08
,,87.33,90.41
,,85.37,90.08
,,85.16,90.15
,,85.36,92.78
,,0,90.28
,,0,89.95
,,0,90.01
,,0,89.81
,,0,90.21
,,0,89.95
,,0,90.21
,,0,90.01
,,0,90.28
,,0,90.28
,,0,90.28
,,0,90.01
,,0,90.28
,,0,90.01
,,0,90.21
,,0,90.15
,,0,90.01
,,0,90.01
,,0,89.55
,,0,90.41
,,0,90.28
,,0,90.54
,,0,90.15
,,0,90.15
,,0,89.81
,,0,90.01
,,0,89.68
,,0,90.01
,,0,90.15
,,0,89.88
,,0,90.15
,,0,90.28
,,0,90.01
,,0,90.01
,,0,90.01
,,0,90.01
,,0,89.88
,,0,89.88
,,0,90.28
,,0,90.41
,,0,90.28
,,0,90.15
,,0,89.88
,,0,89.95
,,0,90.15
,,0,89.88
,,0,90.15
,,0,90.01
,,0,90.15
,,0,89.75
,,0,90.15
,,0,89.75
,,0,90.15
,,0,90.01
,,0,89.88
,,0,89.62
,,0,89.88
,,0,89.49
,,0,89.49
,,0,89.62
,,1.42,89.42
,,3.89,89.62
,,7.67,89.75
,,24.29,89.75
,,86.71,89.42
,,77.44,89.42
,,66.45,89.88
,,57.68,89.75
,,51.33,90.01
,,46.2,89.75
,,41.94,89.49
,,38.61,89.49
,,35.79,90.01
,,33.16,89.62
,,30.87,90.01
,,29.01,89.55
,,27.57,89.62
,,25.97,89.75
,,24.64,89.49
,,23.44,89.75
,,22.27,89.36
,,21.22,89.36
,,20.42,89.62
,,19.63,89.36
,,18.71,89.29
,,18.18,89.36
,,17.52,89.49
,,16.86,89.36
,,16.86,89.49
,,18.05,89.36
,,19.5,89.36
,,21.2,89.49
,,23.18,89.75
,,25.69,89.75
,,28.88,89.88
,,32.85,89.62
,,38.35,89.36
,,45.97,89.22
,,56.92,89.49
,,74.41,89.36
,,84.34,89.49
,,84.26,89.09
,,84.19,89.22
,,84.52,89.62
,,84.45,89.62
,,84.59,89.62
,,84.51,89.62
,,84.44,86.39
,,84.58,89.36
,,84.31,89.62
,,84.64,89.36
,,84.43,89.36
,,84.7,89.75
,,84.57,86.79
,,84.63,89.49
,,84.63,89.09
,,84.69,89.49
,,84.56,89.49
,,84.69,88.96