STATION,LATITUDE,LONGITUDE,ELEVATION,DATE,PRCP,SNOW,SNWD
USC00196989,42.735,-72.8692,528.8,10/1/15,1.02,0,0
USC00196989,42.735,-72.8692,528.8,10/2/15,0,0,0
USC00196989,42.735,-72.8692,528.8,10/3/15,0.02,0,0
USC00196989,42.735,-72.8692,528.8,10/4/15,0,0,0
USC00196989,42.735,-72.8692,528.8,10/5/15,0,0,0
USC00196989,42.735,-72.8692,528.8,10/6/15,0,0,0
USC00196989,42.735,-72.8692,528.8,10/7/15,0,0,0
USC00196989,42.735,-72.8692,528.8,10/8/15,0,0,0
USC00196989,42.735,-72.8692,528.8,10/9/15,0,0,0
USC00196989,42.735,-72.8692,528.8,10/10/15,0.97,0,0
USC00196989,42.735,-72.8692,528.8,10/11/15,0,0,0
USC00196989,42.735,-72.8692,528.8,10/12/15,0,0,0
USC00196989,42.735,-72.8692,528.8,10/13/15,0,0,0
USC00196989,42.735,-72.8692,528.8,10/14/15,0.06,0,0
USC00196989,42.735,-72.8692,528.8,10/15/15,0,0,0
USC00196989,42.735,-72.8692,528.8,10/16/15,0.06,0,0
USC00196989,42.735,-72.8692,528.8,10/17/15,0.03,0,0
USC00196989,42.735,-72.8692,528.8,10/18/15,0.03,0.3,0
USC00196989,42.735,-72.8692,528.8,10/19/15,0,0,0
USC00196989,42.735,-72.8692,528.8,10/20/15,0.02,0,0
USC00196989,42.735,-72.8692,528.8,10/21/15,0,0,0
USC00196989,42.735,-72.8692,528.8,10/22/15,0.02,0,0
USC00196989,42.735,-72.8692,528.8,10/23/15,0.15,0,0
USC00196989,42.735,-72.8692,528.8,10/24/15,0,0,0
USC00196989,42.735,-72.8692,528.8,10/25/15,0.43,0,0
USC00196989,42.735,-72.8692,528.8,10/26/15,0,0,0
USC00196989,42.735,-72.8692,528.8,10/27/15,0,0,0
USC00196989,42.735,-72.8692,528.8,10/28/15,0,0,0
USC00196989,42.735,-72.8692,528.8,10/29/15,1.86,0,0
USC00196989,42.735,-72.8692,528.8,10/30/15,0.6,0,0
USC00196989,42.735,-72.8692,528.8,10/31/15,0,0,0
USC00196989,42.735,-72.8692,528.8,11/1/15,0.03,0,0
USC00196989,42.735,-72.8692,528.8,11/2/15,0.03,0,0
USC00196989,42.735,-72.8692,528.8,11/3/15,0,0,0
USC00196989,42.735,-72.8692,528.8,11/4/15,0,0,0
USC00196989,42.735,-72.8692,528.8,11/5/15,0,0,0
USC00196989,42.735,-72.8692,528.8,11/6/15,0,0,0
USC00196989,42.735,-72.8692,528.8,11/7/15,0,0,0
USC00196989,42.735,-72.8692,528.8,11/8/15,0,0,0
USC00196989,42.735,-72.8692,528.8,11/9/15,0,0,0
USC00196989,42.735,-72.8692,528.8,11/10/15,0,0,0
USC00196989,42.735,-72.8692,528.8,11/11/15,0.41,0,0
USC00196989,42.735,-72.8692,528.8,11/12/15,0.19,0,0
USC00196989,42.735,-72.8692,528.8,11/13/15,0.14,0,0
USC00196989,42.735,-72.8692,528.8,11/14/15,0.04,0,0
USC00196989,42.735,-72.8692,528.8,11/15/15,0,0,0
USC00196989,42.735,-72.8692,528.8,11/16/15,0,0,0
USC00196989,42.735,-72.8692,528.8,11/17/15,0,0,0
USC00196989,42.735,-72.8692,528.8,11/18/15,0,0,0
USC00196989,42.735,-72.8692,528.8,11/19/15,0.05,0,0
USC00196989,42.735,-72.8692,528.8,11/20/15,1.34,0,0
USC00196989,42.735,-72.8692,528.8,11/21/15,0,0,0
USC00196989,42.735,-72.8692,528.8,11/22/15,0.03,0,0
USC00196989,42.735,-72.8692,528.8,11/23/15,0,0,0
USC00196989,42.735,-72.8692,528.8,11/24/15,0,0,0
USC00196989,42.735,-72.8692,528.8,11/25/15,0,0,0
USC00196989,42.735,-72.8692,528.8,11/26/15,0,0,0
USC00196989,42.735,-72.8692,528.8,11/27/15,0,0,0
USC00196989,42.735,-72.8692,528.8,11/28/15,0.06,0,0
USC00196989,42.735,-72.8692,528.8,11/29/15,0.03,0,0
USC00196989,42.735,-72.8692,528.8,11/30/15,0,0,0
USC00196989,42.735,-72.8692,528.8,12/1/15,0,0,0
USC00196989,42.735,-72.8692,528.8,12/2/15,0.34,0,0
USC00196989,42.735,-72.8692,528.8,12/3/15,0.23,0,0
USC00196989,42.735,-72.8692,528.8,12/4/15,0.03,0,0
USC00196989,42.735,-72.8692,528.8,12/5/15,0,0,0
USC00196989,42.735,-72.8692,528.8,12/6/15,0,0,0
USC00196989,42.735,-72.8692,528.8,12/7/15,0,0,0
USC00196989,42.735,-72.8692,528.8,12/8/15,0,0,0
USC00196989,42.735,-72.8692,528.8,12/9/15,0,0,0
USC00196989,42.735,-72.8692,528.8,12/10/15,0.02,0,0
USC00196989,42.735,-72.8692,528.8,12/11/15,0,0,0
USC00196989,42.735,-72.8692,528.8,12/12/15,0,0,0
USC00196989,42.735,-72.8692,528.8,12/13/15,0.01,0,0
USC00196989,42.735,-72.8692,528.8,12/14/15,0,0,0
USC00196989,42.735,-72.8692,528.8,12/15/15,0.52,0,0
USC00196989,42.735,-72.8692,528.8,12/16/15,0.02,0,0
USC00196989,42.735,-72.8692,528.8,12/17/15,0.05,0,0
USC00196989,42.735,-72.8692,528.8,12/18/15,0.7,0,0
USC00196989,42.735,-72.8692,528.8,12/19/15,0.02,0.5,1
USC00196989,42.735,-72.8692,528.8,12/20/15,0,0,0
USC00196989,42.735,-72.8692,528.8,12/21/15,0,0,0
USC00196989,42.735,-72.8692,528.8,12/22/15,0.05,0,0
USC00196989,42.735,-72.8692,528.8,12/23/15,0.58,0,0
USC00196989,42.735,-72.8692,528.8,12/24/15,0.95,0,0
USC00196989,42.735,-72.8692,528.8,12/25/15,0.01,0,0
USC00196989,42.735,-72.8692,528.8,12/26/15,0,0,0
USC00196989,42.735,-72.8692,528.8,12/27/15,0.68,0,0
USC00196989,42.735,-72.8692,528.8,12/28/15,0.14,0,0
USC00196989,42.735,-72.8692,528.8,12/29/15,1.23,2.7,3
USC00196989,42.735,-72.8692,528.8,12/30/15,0.49,0.7,3
USC00196989,42.735,-72.8692,528.8,12/31/15,0.22,0,3
USC00196989,42.735,-72.8692,528.8,1/1/16,0,0,3
USC00196989,42.735,-72.8692,528.8,1/2/16,0.06,0.5,4
USC00196989,42.735,-72.8692,528.8,1/3/16,0,0,4
USC00196989,42.735,-72.8692,528.8,1/4/16,0.03,0.2,4
USC00196989,42.735,-72.8692,528.8,1/5/16,0,0,4
USC00196989,42.735,-72.8692,528.8,1/6/16,0,0,4
USC00196989,42.735,-72.8692,528.8,1/7/16,0,0,4
USC00196989,42.735,-72.8692,528.8,1/8/16,0,0,4
USC00196989,42.735,-72.8692,528.8,1/9/16,0.04,0.3,4
USC00196989,42.735,-72.8692,528.8,1/10/16,0.08,0,3
USC00196989,42.735,-72.8692,528.8,1/11/16,1.42,0,2
USC00196989,42.735,-72.8692,528.8,1/12/16,0,0,2
USC00196989,42.735,-72.8692,528.8,1/13/16,0.1,1.5,2
USC00196989,42.735,-72.8692,528.8,1/14/16,0.02,0.3,2
USC00196989,42.735,-72.8692,528.8,1/15/16,0,0,2
USC00196989,42.735,-72.8692,528.8,1/16/16,0.18,1.2,3
USC00196989,42.735,-72.8692,528.8,1/17/16,0.2,0,3
USC00196989,42.735,-72.8692,528.8,1/18/16,0.07,1.1,4
USC00196989,42.735,-72.8692,528.8,1/19/16,0,0,3
USC00196989,42.735,-72.8692,528.8,1/20/16,0,0,3
USC00196989,42.735,-72.8692,528.8,1/21/16,0,0,3
USC00196989,42.735,-72.8692,528.8,1/22/16,0,0,3
USC00196989,42.735,-72.8692,528.8,1/23/16,0,0,3
USC00196989,42.735,-72.8692,528.8,1/24/16,0,0,3
USC00196989,42.735,-72.8692,528.8,1/25/16,0,0,3
USC00196989,42.735,-72.8692,528.8,1/26/16,0,0,3
USC00196989,42.735,-72.8692,528.8,1/27/16,0,0,3
USC00196989,42.735,-72.8692,528.8,1/28/16,0,0,2
USC00196989,42.735,-72.8692,528.8,1/29/16,0,0,2
USC00196989,42.735,-72.8692,528.8,1/30/16,0.04,0.7,2
USC00196989,42.735,-72.8692,528.8,1/31/16,0,0,2
USC00196989,42.735,-72.8692,528.8,2/1/16,0,0,2
USC00196989,42.735,-72.8692,528.8,2/2/16,0,0,1
USC00196989,42.735,-72.8692,528.8,2/3/16,0.14,0,1
USC00196989,42.735,-72.8692,528.8,2/4/16,0.96,0,1
USC00196989,42.735,-72.8692,528.8,2/5/16,0.09,1.4,2
USC00196989,42.735,-72.8692,528.8,2/6/16,0.07,1.3,3
USC00196989,42.735,-72.8692,528.8,2/7/16,0,0,2
USC00196989,42.735,-72.8692,528.8,2/8/16,0,0,1
USC00196989,42.735,-72.8692,528.8,2/9/16,0.2,3.3,5
USC00196989,42.735,-72.8692,528.8,2/10/16,0.03,0.2,4
USC00196989,42.735,-72.8692,528.8,2/11/16,0.08,1.6,5
USC00196989,42.735,-72.8692,528.8,2/12/16,0,0,3
USC00196989,42.735,-72.8692,528.8,2/13/16,0,0,3
USC00196989,42.735,-72.8692,528.8,2/14/16,0,0,3
USC00196989,42.735,-72.8692,528.8,2/15/16,0,0,3
USC00196989,42.735,-72.8692,528.8,2/16/16,0.5,1.5,5
USC00196989,42.735,-72.8692,528.8,2/17/16,0.87,0,1
USC00196989,42.735,-72.8692,528.8,2/18/16,0,0.1,1
USC00196989,42.735,-72.8692,528.8,2/19/16,0,0,1
USC00196989,42.735,-72.8692,528.8,2/20/16,0.11,0.6,1
USC00196989,42.735,-72.8692,528.8,2/21/16,0,0,0
USC00196989,42.735,-72.8692,528.8,2/22/16,0,0,0
USC00196989,42.735,-72.8692,528.8,2/23/16,0,0,0
USC00196989,42.735,-72.8692,528.8,2/24/16,0.26,1,1
USC00196989,42.735,-72.8692,528.8,2/25/16,2.26,0,0
USC00196989,42.735,-72.8692,528.8,2/26/16,0.07,0.8,1
USC00196989,42.735,-72.8692,528.8,2/27/16,0,0,0
USC00196989,42.735,-72.8692,528.8,2/28/16,0,0,0
USC00196989,42.735,-72.8692,528.8,2/29/16,0,0,0
USC00196989,42.735,-72.8692,528.8,3/1/16,0,0,0
USC00196989,42.735,-72.8692,528.8,3/2/16,0.68,0,0
USC00196989,42.735,-72.8692,528.8,3/3/16,0.02,0.3,0
USC00196989,42.735,-72.8692,528.8,3/4/16,0,0,0
USC00196989,42.735,-72.8692,528.8,3/5/16,0,0,0
USC00196989,42.735,-72.8692,528.8,3/6/16,0,0,0
USC00196989,42.735,-72.8692,528.8,3/7/16,0,0,0
USC00196989,42.735,-72.8692,528.8,3/8/16,0,0,0
USC00196989,42.735,-72.8692,528.8,3/9/16,0,0,0
USC00196989,42.735,-72.8692,528.8,3/10/16,0,0,0
USC00196989,42.735,-72.8692,528.8,3/11/16,0.38,0,0
USC00196989,42.735,-72.8692,528.8,3/12/16,0,0,0
USC00196989,42.735,-72.8692,528.8,3/13/16,0,0,0
USC00196989,42.735,-72.8692,528.8,3/14/16,0.01,0,0
USC00196989,42.735,-72.8692,528.8,3/15/16,0.62,0.3,0
USC00196989,42.735,-72.8692,528.8,3/16/16,0.05,0,0
USC00196989,42.735,-72.8692,528.8,3/17/16,0.39,0,0
USC00196989,42.735,-72.8692,528.8,3/18/16,0.07,0,0
USC00196989,42.735,-72.8692,528.8,3/19/16,0.03,0,0
USC00196989,42.735,-72.8692,528.8,3/20/16,0,0,0
USC00196989,42.735,-72.8692,528.8,3/21/16,0.02,0.3,0
USC00196989,42.735,-72.8692,528.8,3/22/16,0.03,0.5,0
USC00196989,42.735,-72.8692,528.8,3/23/16,0,0,0
USC00196989,42.735,-72.8692,528.8,3/24/16,0,0,0
USC00196989,42.735,-72.8692,528.8,3/25/16,0.2,0,0
USC00196989,42.735,-72.8692,528.8,3/26/16,0.09,0,0
USC00196989,42.735,-72.8692,528.8,3/27/16,0,0,0
USC00196989,42.735,-72.8692,528.8,3/28/16,0.06,0,0
USC00196989,42.735,-72.8692,528.8,3/29/16,0.9,0.4,0
USC00196989,42.735,-72.8692,528.8,3/30/16,0,0.3,0
USC00196989,42.735,-72.8692,528.8,3/31/16,0,0,0
USC00196989,42.735,-72.8692,528.8,4/1/16,0,0,0
USC00196989,42.735,-72.8692,528.8,4/2/16,0.05,0,0
USC00196989,42.735,-72.8692,528.8,4/3/16,0.27,2.6,3
USC00196989,42.735,-72.8692,528.8,4/4/16,0.12,1.1,1
USC00196989,42.735,-72.8692,528.8,4/5/16,0.33,5.7,6
USC00196989,42.735,-72.8692,528.8,4/6/16,0,0,3
USC00196989,42.735,-72.8692,528.8,4/7/16,0,0,2
USC00196989,42.735,-72.8692,528.8,4/8/16,0.86,0,0
USC00196989,42.735,-72.8692,528.8,4/9/16,0.02,0.1,0
USC00196989,42.735,-72.8692,528.8,4/10/16,0,0,0
USC00196989,42.735,-72.8692,528.8,4/11/16,0.12,0,0
USC00196989,42.735,-72.8692,528.8,4/12/16,0.82,0,0
USC00196989,42.735,-72.8692,528.8,4/13/16,0.04,0,0
USC00196989,42.735,-72.8692,528.8,4/14/16,0,0,0
USC00196989,42.735,-72.8692,528.8,4/15/16,0,0,0
USC00196989,42.735,-72.8692,528.8,4/16/16,0,0,0
USC00196989,42.735,-72.8692,528.8,4/17/16,0,0,0
USC00196989,42.735,-72.8692,528.8,4/18/16,0,0,0
USC00196989,42.735,-72.8692,528.8,4/19/16,0.03,0,0
USC00196989,42.735,-72.8692,528.8,4/20/16,0,0,0
USC00196989,42.735,-72.8692,528.8,4/21/16,0,0,0
USC00196989,42.735,-72.8692,528.8,4/22/16,0,0,0
USC00196989,42.735,-72.8692,528.8,4/23/16,0.18,0,0
USC00196989,42.735,-72.8692,528.8,4/24/16,0,0,0
USC00196989,42.735,-72.8692,528.8,4/25/16,0,0,0
USC00196989,42.735,-72.8692,528.8,4/26/16,0.02,0,0
USC00196989,42.735,-72.8692,528.8,4/27/16,0.45,0,0
USC00196989,42.735,-72.8692,528.8,4/28/16,0,0,0
USC00196989,42.735,-72.8692,528.8,4/29/16,0,0,0
USC00196989,42.735,-72.8692,528.8,4/30/16,0,0,0
USC00196989,42.735,-72.8692,528.8,5/1/16,0,0,0
USC00196989,42.735,-72.8692,528.8,5/2/16,0.16,0,0
USC00196989,42.735,-72.8692,528.8,5/3/16,0.47,0,0
USC00196989,42.735,-72.8692,528.8,5/4/16,0.06,0,0
USC00196989,42.735,-72.8692,528.8,5/5/16,0.27,0,0
USC00196989,42.735,-72.8692,528.8,5/6/16,0.02,0,0
USC00196989,42.735,-72.8692,528.8,5/7/16,0.48,0,0
USC00196989,42.735,-72.8692,528.8,5/8/16,0.06,0,0
USC00196989,42.735,-72.8692,528.8,5/9/16,0.13,0,0
USC00196989,42.735,-72.8692,528.8,5/10/16,0,0,0
USC00196989,42.735,-72.8692,528.8,5/11/16,0,0,0
USC00196989,42.735,-72.8692,528.8,5/12/16,0,0,0
USC00196989,42.735,-72.8692,528.8,5/13/16,0,0,0
USC00196989,42.735,-72.8692,528.8,5/16/16,,0.2,0
USC00196989,42.735,-72.8692,528.8,5/17/16,0,0,0
USC00196989,42.735,-72.8692,528.8,5/18/16,0,0,0
USC00196989,42.735,-72.8692,528.8,5/19/16,0,0,0
USC00196989,42.735,-72.8692,528.8,5/20/16,0.18,0,0
USC00196989,42.735,-72.8692,528.8,5/21/16,0,0,0
USC00196989,42.735,-72.8692,528.8,5/22/16,0,0,0
USC00196989,42.735,-72.8692,528.8,5/23/16,0,0,0
USC00196989,42.735,-72.8692,528.8,5/24/16,0.12,0,0
USC00196989,42.735,-72.8692,528.8,5/25/16,0.25,0,0
USC00196989,42.735,-72.8692,528.8,5/26/16,0,0,0
USC00196989,42.735,-72.8692,528.8,5/27/16,0,0,0
USC00196989,42.735,-72.8692,528.8,5/28/16,0.09,0,0
USC00196989,42.735,-72.8692,528.8,5/29/16,0,0,0
USC00196989,42.735,-72.8692,528.8,5/30/16,0.19,0,0
USC00196989,42.735,-72.8692,528.8,5/31/16,0.04,0,0
USC00196989,42.735,-72.8692,528.8,6/1/16,0,0,0
USC00196989,42.735,-72.8692,528.8,6/2/16,0,0,0
USC00196989,42.735,-72.8692,528.8,6/3/16,0.02,0,0
USC00196989,42.735,-72.8692,528.8,6/4/16,0,0,0
USC00196989,42.735,-72.8692,528.8,6/5/16,0.13,0,0
USC00196989,42.735,-72.8692,528.8,6/6/16,1.3,0,0
USC00196989,42.735,-72.8692,528.8,6/7/16,0.09,0,0
USC00196989,42.735,-72.8692,528.8,6/8/16,0.08,0,0
USC00196989,42.735,-72.8692,528.8,6/9/16,0,0,0
USC00196989,42.735,-72.8692,528.8,6/10/16,0,0,0
USC00196989,42.735,-72.8692,528.8,6/11/16,0,0,0
USC00196989,42.735,-72.8692,528.8,6/12/16,0.24,0,0
USC00196989,42.735,-72.8692,528.8,6/13/16,0,0,0
USC00196989,42.735,-72.8692,528.8,6/14/16,0.03,0,0
USC00196989,42.735,-72.8692,528.8,6/15/16,0,0,0
USC00196989,42.735,-72.8692,528.8,6/16/16,0,0,0
USC00196989,42.735,-72.8692,528.8,6/17/16,0,0,0
USC00196989,42.735,-72.8692,528.8,6/18/16,0,0,0
USC00196989,42.735,-72.8692,528.8,6/19/16,0,0,0
USC00196989,42.735,-72.8692,528.8,6/20/16,0,0,0
USC00196989,42.735,-72.8692,528.8,6/21/16,0.3,0,0
USC00196989,42.735,-72.8692,528.8,6/22/16,0,0,0
USC00196989,42.735,-72.8692,528.8,6/23/16,0.02,0,0
USC00196989,42.735,-72.8692,528.8,6/24/16,0,0,0
USC00196989,42.735,-72.8692,528.8,6/25/16,0,0,0
USC00196989,42.735,-72.8692,528.8,6/26/16,0,0,0
USC00196989,42.735,-72.8692,528.8,6/27/16,0,0,0
USC00196989,42.735,-72.8692,528.8,6/28/16,0,0,0
USC00196989,42.735,-72.8692,528.8,6/29/16,1.28,0,0
USC00196989,42.735,-72.8692,528.8,6/30/16,0,0,0
USC00196989,42.735,-72.8692,528.8,7/1/16,0,0,0
USC00196989,42.735,-72.8692,528.8,7/2/16,0.17,0,0
USC00196989,42.735,-72.8692,528.8,7/3/16,0,0,0
USC00196989,42.735,-72.8692,528.8,7/4/16,0,0,0
USC00196989,42.735,-72.8692,528.8,7/5/16,0.02,0,0
USC00196989,42.735,-72.8692,528.8,7/6/16,0,0,0
USC00196989,42.735,-72.8692,528.8,7/7/16,0,0,0
USC00196989,42.735,-72.8692,528.8,7/8/16,0.74,0,0
USC00196989,42.735,-72.8692,528.8,7/9/16,0.19,0,0
USC00196989,42.735,-72.8692,528.8,7/10/16,0.31,0,0
USC00196989,42.735,-72.8692,528.8,7/11/16,0.33,0,0
USC00196989,42.735,-72.8692,528.8,7/12/16,0,0,0
USC00196989,42.735,-72.8692,528.8,7/13/16,0,0,0
USC00196989,42.735,-72.8692,528.8,7/14/16,0,0,0
USC00196989,42.735,-72.8692,528.8,7/15/16,0.14,0,0
USC00196989,42.735,-72.8692,528.8,7/16/16,0.17,0,0
USC00196989,42.735,-72.8692,528.8,7/17/16,0.28,0,0
USC00196989,42.735,-72.8692,528.8,7/18/16,0,0,0
USC00196989,42.735,-72.8692,528.8,7/19/16,0.16,0,0
USC00196989,42.735,-72.8692,528.8,7/20/16,0,0,0
USC00196989,42.735,-72.8692,528.8,7/21/16,0,0,0
USC00196989,42.735,-72.8692,528.8,7/22/16,0,0,0
USC00196989,42.735,-72.8692,528.8,7/23/16,0,0,0
USC00196989,42.735,-72.8692,528.8,7/24/16,0.19,0,0
USC00196989,42.735,-72.8692,528.8,7/25/16,0,0,0
USC00196989,42.735,-72.8692,528.8,7/26/16,0,0,0
USC00196989,42.735,-72.8692,528.8,7/27/16,0,0,0
USC00196989,42.735,-72.8692,528.8,7/28/16,0,0,0
USC00196989,42.735,-72.8692,528.8,7/29/16,0,0,0
USC00196989,42.735,-72.8692,528.8,7/30/16,0.23,0,0
USC00196989,42.735,-72.8692,528.8,7/31/16,0.38,0,0
USC00196989,42.735,-72.8692,528.8,8/1/16,0.31,0,0
USC00196989,42.735,-72.8692,528.8,8/2/16,1.17,0,0
USC00196989,42.735,-72.8692,528.8,8/3/16,0.04,0,0
USC00196989,42.735,-72.8692,528.8,8/4/16,0,0,0
USC00196989,42.735,-72.8692,528.8,8/5/16,0,0,0
USC00196989,42.735,-72.8692,528.8,8/6/16,0,0,0
USC00196989,42.735,-72.8692,528.8,8/7/16,0.26,0,0
USC00196989,42.735,-72.8692,528.8,8/8/16,0,0,0
USC00196989,42.735,-72.8692,528.8,8/9/16,0,0,0
USC00196989,42.735,-72.8692,528.8,8/10/16,0.53,0,0
USC00196989,42.735,-72.8692,528.8,8/11/16,0.43,0,0
USC00196989,42.735,-72.8692,528.8,8/12/16,0,0,0
USC00196989,42.735,-72.8692,528.8,8/13/16,0.6,0,0
USC00196989,42.735,-72.8692,528.8,8/14/16,1.54,0,0
USC00196989,42.735,-72.8692,528.8,8/15/16,0,0,0
USC00196989,42.735,-72.8692,528.8,8/16/16,0.04,0,0
USC00196989,42.735,-72.8692,528.8,8/17/16,0.2,0,0
USC00196989,42.735,-72.8692,528.8,8/18/16,0,0,0
USC00196989,42.735,-72.8692,528.8,8/19/16,0.03,0,0
USC00196989,42.735,-72.8692,528.8,8/20/16,0,0,0
USC00196989,42.735,-72.8692,528.8,8/21/16,0,0,0
USC00196989,42.735,-72.8692,528.8,8/22/16,1.06,0,0
USC00196989,42.735,-72.8692,528.8,8/23/16,0,0,0
USC00196989,42.735,-72.8692,528.8,8/24/16,0,0,0
USC00196989,42.735,-72.8692,528.8,8/25/16,0,0,0
USC00196989,42.735,-72.8692,528.8,8/26/16,0.08,0,0
USC00196989,42.735,-72.8692,528.8,8/27/16,0,0,0
USC00196989,42.735,-72.8692,528.8,8/28/16,0,0,0
USC00196989,42.735,-72.8692,528.8,8/29/16,0.08,0,0
USC00196989,42.735,-72.8692,528.8,8/30/16,0,0,0
USC00196989,42.735,-72.8692,528.8,8/31/16,0,0,0
USC00196989,42.735,-72.8692,528.8,9/1/16,0,0,0
USC00196989,42.735,-72.8692,528.8,9/2/16,0,0,0
USC00196989,42.735,-72.8692,528.8,9/3/16,0,0,0
USC00196989,42.735,-72.8692,528.8,9/4/16,0,0,0
USC00196989,42.735,-72.8692,528.8,9/5/16,0,0,0
USC00196989,42.735,-72.8692,528.8,9/6/16,0.02,0,0
USC00196989,42.735,-72.8692,528.8,9/7/16,0.05,0,0
USC00196989,42.735,-72.8692,528.8,9/8/16,0,0,0
USC00196989,42.735,-72.8692,528.8,9/9/16,0.48,0,0
USC00196989,42.735,-72.8692,528.8,9/10/16,0,0,0
USC00196989,42.735,-72.8692,528.8,9/11/16,0.11,0,0
USC00196989,42.735,-72.8692,528.8,9/12/16,0.25,0,0
USC00196989,42.735,-72.8692,528.8,9/13/16,0,0,0
USC00196989,42.735,-72.8692,528.8,9/14/16,0,0,0
USC00196989,42.735,-72.8692,528.8,9/15/16,0.03,0,0
USC00196989,42.735,-72.8692,528.8,9/16/16,0,0,0
USC00196989,42.735,-72.8692,528.8,9/17/16,0,0,0
USC00196989,42.735,-72.8692,528.8,9/18/16,0.07,0,0
USC00196989,42.735,-72.8692,528.8,9/19/16,0.95,0,0
USC00196989,42.735,-72.8692,528.8,9/20/16,0.03,0,0
USC00196989,42.735,-72.8692,528.8,9/21/16,0,0,0
USC00196989,42.735,-72.8692,528.8,9/22/16,0,0,0
USC00196989,42.735,-72.8692,528.8,9/23/16,0,0,0
USC00196989,42.735,-72.8692,528.8,9/24/16,0.06,0,0
USC00196989,42.735,-72.8692,528.8,9/25/16,0,0,0
USC00196989,42.735,-72.8692,528.8,9/26/16,0,0,0
USC00196989,42.735,-72.8692,528.8,9/27/16,0.43,0,0
USC00196989,42.735,-72.8692,528.8,9/28/16,0.02,0,0
USC00196989,42.735,-72.8692,528.8,9/29/16,0,0,0
USC00196989,42.735,-72.8692,528.8,9/30/16,0,0,0
USC00196989,42.735,-72.8692,528.8,10/1/16,0.19,0,0
USC00196989,42.735,-72.8692,528.8,10/2/16,0.14,0,0
USC00196989,42.735,-72.8692,528.8,10/3/16,0.04,0,0
USC00196989,42.735,-72.8692,528.8,10/4/16,0.63,0,0
USC00196989,42.735,-72.8692,528.8,10/5/16,0.02,0,0
USC00196989,42.735,-72.8692,528.8,10/6/16,0,0,0
USC00196989,42.735,-72.8692,528.8,10/7/16,0,0,0
USC00196989,42.735,-72.8692,528.8,10/8/16,0,0,0
USC00196989,42.735,-72.8692,528.8,10/9/16,0.06,0,0
USC00196989,42.735,-72.8692,528.8,10/10/16,0.08,0,0
USC00196989,42.735,-72.8692,528.8,10/11/16,0,0,0
USC00196989,42.735,-72.8692,528.8,10/12/16,0,0,0
USC00196989,42.735,-72.8692,528.8,10/13/16,0,0,0
USC00196989,42.735,-72.8692,528.8,10/14/16,0.07,0,0
USC00196989,42.735,-72.8692,528.8,10/15/16,0,0,0
USC00196989,42.735,-72.8692,528.8,10/16/16,0,0,0
USC00196989,42.735,-72.8692,528.8,10/17/16,0.02,0,0
USC00196989,42.735,-72.8692,528.8,10/18/16,0.11,0,0
USC00196989,42.735,-72.8692,528.8,10/19/16,0.03,0,0
USC00196989,42.735,-72.8692,528.8,10/20/16,0,0,0
USC00196989,42.735,-72.8692,528.8,10/21/16,0.34,0,0
USC00196989,42.735,-72.8692,528.8,10/22/16,0.34,0,0
USC00196989,42.735,-72.8692,528.8,10/23/16,0,0,0
USC00196989,42.735,-72.8692,528.8,10/24/16,0.02,0,0
USC00196989,42.735,-72.8692,528.8,10/25/16,0,0,0
USC00196989,42.735,-72.8692,528.8,10/26/16,0,0,0
USC00196989,42.735,-72.8692,528.8,10/27/16,0,0,0
USC00196989,42.735,-72.8692,528.8,10/28/16,1.49,6.4,4
USC00196989,42.735,-72.8692,528.8,10/29/16,0.02,0,2
USC00196989,42.735,-72.8692,528.8,10/30/16,0,0,0
USC00196989,42.735,-72.8692,528.8,10/31/16,0.04,0,0
USC00196989,42.735,-72.8692,528.8,11/1/16,0,0,0
USC00196989,42.735,-72.8692,528.8,11/2/16,0,0,0
USC00196989,42.735,-72.8692,528.8,11/3/16,0.02,0,0
USC00196989,42.735,-72.8692,528.8,11/4/16,0.19,0,0
USC00196989,42.735,-72.8692,528.8,11/5/16,0,0,0
USC00196989,42.735,-72.8692,528.8,11/6/16,0.14,0,0
USC00196989,42.735,-72.8692,528.8,11/7/16,0,0,0
USC00196989,42.735,-72.8692,528.8,11/8/16,0,0,0
USC00196989,42.735,-72.8692,528.8,11/9/16,0,0,0
USC00196989,42.735,-72.8692,528.8,11/10/16,0.07,0,0
USC00196989,42.735,-72.8692,528.8,11/11/16,0,0,0
USC00196989,42.735,-72.8692,528.8,11/12/16,0,0,0
USC00196989,42.735,-72.8692,528.8,11/13/16,0,0,0
USC00196989,42.735,-72.8692,528.8,11/14/16,0,0,0
USC00196989,42.735,-72.8692,528.8,11/15/16,0,0,0
USC00196989,42.735,-72.8692,528.8,11/16/16,0.48,0,0
USC00196989,42.735,-72.8692,528.8,11/17/16,0.03,0,0
USC00196989,42.735,-72.8692,528.8,11/18/16,0,0,0
USC00196989,42.735,-72.8692,528.8,11/19/16,0,0,0
USC00196989,42.735,-72.8692,528.8,11/20/16,0.36,3.1,3
USC00196989,42.735,-72.8692,528.8,11/21/16,0.21,3,6
USC00196989,42.735,-72.8692,528.8,11/22/16,0.3,3,5
USC00196989,42.735,-72.8692,528.8,11/23/16,0,0,4
USC00196989,42.735,-72.8692,528.8,11/24/16,0,0,3
USC00196989,42.735,-72.8692,528.8,11/25/16,0.13,0.3,3
USC00196989,42.735,-72.8692,528.8,11/26/16,0.03,0,2
USC00196989,42.735,-72.8692,528.8,11/27/16,0,0,2
USC00196989,42.735,-72.8692,528.8,11/28/16,0.27,2,4
USC00196989,42.735,-72.8692,528.8,11/29/16,0.08,0,1
USC00196989,42.735,-72.8692,528.8,11/30/16,0.79,0,0
USC00196989,42.735,-72.8692,528.8,12/1/16,1.38,0,0
USC00196989,42.735,-72.8692,528.8,12/2/16,0,0,0
USC00196989,42.735,-72.8692,528.8,12/3/16,0.02,0,0
USC00196989,42.735,-72.8692,528.8,12/4/16,0.03,0.2,0
USC00196989,42.735,-72.8692,528.8,12/5/16,0.13,1.2,1
USC00196989,42.735,-72.8692,528.8,12/6/16,0.06,0.6,1
USC00196989,42.735,-72.8692,528.8,12/7/16,0.16,0.7,2
USC00196989,42.735,-72.8692,528.8,12/8/16,0.06,0,2
USC00196989,42.735,-72.8692,528.8,12/9/16,0.03,0,2
USC00196989,42.735,-72.8692,528.8,12/10/16,0,0,2
USC00196989,42.735,-72.8692,528.8,12/11/16,0.02,0.1,2
USC00196989,42.735,-72.8692,528.8,12/12/16,0.66,5.8,8
USC00196989,42.735,-72.8692,528.8,12/13/16,0.04,0.2,7
USC00196989,42.735,-72.8692,528.8,12/14/16,0.04,0.4,7
USC00196989,42.735,-72.8692,528.8,12/15/16,0.01,0.2,7
USC00196989,42.735,-72.8692,528.8,12/16/16,0.04,0.7,7
USC00196989,42.735,-72.8692,528.8,12/17/16,0.24,2.6,9
USC00196989,42.735,-72.8692,528.8,12/18/16,1.07,4.2,10
USC00196989,42.735,-72.8692,528.8,12/19/16,0.13,0,7
USC00196989,42.735,-72.8692,528.8,12/20/16,0,0,7
USC00196989,42.735,-72.8692,528.8,12/21/16,0,0,7
USC00196989,42.735,-72.8692,528.8,12/22/16,0.11,1.7,9
USC00196989,42.735,-72.8692,528.8,12/23/16,0.11,1.5,10
USC00196989,42.735,-72.8692,528.8,12/24/16,0,0,9
USC00196989,42.735,-72.8692,528.8,12/25/16,0.1,0.2,8
USC00196989,42.735,-72.8692,528.8,12/26/16,0,0,8
USC00196989,42.735,-72.8692,528.8,12/27/16,0.28,0,5
USC00196989,42.735,-72.8692,528.8,12/28/16,0,0,4
USC00196989,42.735,-72.8692,528.8,12/29/16,0,0,4
USC00196989,42.735,-72.8692,528.8,12/30/16,0.57,6.3,9
USC00196989,42.735,-72.8692,528.8,12/31/16,0.04,0.9,9
USC00196989,42.735,-72.8692,528.8,1/1/17,0.14,2.7,11
USC00196989,42.735,-72.8692,528.8,1/2/17,0,0,9
USC00196989,42.735,-72.8692,528.8,1/3/17,0.06,0,9
USC00196989,42.735,-72.8692,528.8,1/4/17,0.69,0,7
USC00196989,42.735,-72.8692,528.8,1/5/17,0.04,0.2,6
USC00196989,42.735,-72.8692,528.8,1/6/17,0.07,1.1,7
USC00196989,42.735,-72.8692,528.8,1/7/17,0,0,7
USC00196989,42.735,-72.8692,528.8,1/8/17,,0.8,7
USC00196989,42.735,-72.8692,528.8,1/9/17,,0.5,8
USC00196989,42.735,-72.8692,528.8,1/10/17,0,0,8
USC00196989,42.735,-72.8692,528.8,1/11/17,0.22,0.1,7
USC00196989,42.735,-72.8692,528.8,1/12/17,0.19,0,5
USC00196989,42.735,-72.8692,528.8,1/13/17,0.53,0,2
USC00196989,42.735,-72.8692,528.8,1/14/17,0,0,2
USC00196989,42.735,-72.8692,528.8,1/15/17,0,0,2
USC00196989,42.735,-72.8692,528.8,1/16/17,0,0,2
USC00196989,42.735,-72.8692,528.8,1/17/17,0,0,2
USC00196989,42.735,-72.8692,528.8,1/18/17,0.75,3.9,6
USC00196989,42.735,-72.8692,528.8,1/19/17,0.07,0.4,7
USC00196989,42.735,-72.8692,528.8,1/20/17,0,0,7
USC00196989,42.735,-72.8692,528.8,1/21/17,0,0,6
USC00196989,42.735,-72.8692,528.8,1/22/17,0,0,4
USC00196989,42.735,-72.8692,528.8,1/23/17,0.23,0.4,4
USC00196989,42.735,-72.8692,528.8,1/24/17,0.97,3.4,7
USC00196989,42.735,-72.8692,528.8,1/25/17,0.28,0.6,7
USC00196989,42.735,-72.8692,528.8,1/26/17,0.06,0,7
USC00196989,42.735,-72.8692,528.8,1/27/17,0.05,0.3,7
USC00196989,42.735,-72.8692,528.8,1/28/17,0,0,7
USC00196989,42.735,-72.8692,528.8,1/29/17,0.02,0.3,7
USC00196989,42.735,-72.8692,528.8,1/30/17,0,0.2,7
USC00196989,42.735,-72.8692,528.8,1/31/17,0,0,7
USC00196989,42.735,-72.8692,528.8,2/1/17,0.19,3.6,10
USC00196989,42.735,-72.8692,528.8,2/2/17,0.03,0.4,10
USC00196989,42.735,-72.8692,528.8,2/3/17,0,0,9
USC00196989,42.735,-72.8692,528.8,2/4/17,0,0.2,9
USC00196989,42.735,-72.8692,528.8,2/5/17,0,0,9
USC00196989,42.735,-72.8692,528.8,2/6/17,0,0,8
USC00196989,42.735,-72.8692,528.8,2/7/17,0,0,8
USC00196989,42.735,-72.8692,528.8,2/8/17,1.16,3,11
USC00196989,42.735,-72.8692,528.8,2/9/17,0.12,2.3,13
USC00196989,42.735,-72.8692,528.8,2/10/17,0.46,6.9,18
USC00196989,42.735,-72.8692,528.8,2/11/17,0.09,2.3,18
USC00196989,42.735,-72.8692,528.8,2/12/17,0,0,17
USC00196989,42.735,-72.8692,528.8,2/13/17,1.04,15.2,32
USC00196989,42.735,-72.8692,528.8,2/14/17,0.01,0.3,28
USC00196989,42.735,-72.8692,528.8,2/15/17,0,0.2,26
USC00196989,42.735,-72.8692,528.8,2/16/17,0.17,4.6,28
USC00196989,42.735,-72.8692,528.8,2/17/17,0.03,1.6,26
USC00196989,42.735,-72.8692,528.8,2/18/17,0,0,25
USC00196989,42.735,-72.8692,528.8,2/19/17,0,0,19
USC00196989,42.735,-72.8692,528.8,2/20/17,0,0,16
USC00196989,42.735,-72.8692,528.8,2/21/17,0,0,16
USC00196989,42.735,-72.8692,528.8,2/22/17,0,0,15
USC00196989,42.735,-72.8692,528.8,2/23/17,0,0,13
USC00196989,42.735,-72.8692,528.8,2/24/17,0.13,0,8
USC00196989,42.735,-72.8692,528.8,2/25/17,0,0,5
USC00196989,42.735,-72.8692,528.8,2/26/17,0.51,0.1,3
USC00196989,42.735,-72.8692,528.8,2/27/17,0,0,3
USC00196989,42.735,-72.8692,528.8,2/28/17,0,0,2
USC00196989,42.735,-72.8692,528.8,3/1/17,0.03,0,0
USC00196989,42.735,-72.8692,528.8,3/2/17,0.11,0.5,1
USC00196989,42.735,-72.8692,528.8,3/3/17,0,0,0
USC00196989,42.735,-72.8692,528.8,3/4/17,0.01,0.5,1
USC00196989,42.735,-72.8692,528.8,3/5/17,0,0,1
USC00196989,42.735,-72.8692,528.8,3/6/17,0,0,0
USC00196989,42.735,-72.8692,528.8,3/7/17,0,0,0
USC00196989,42.735,-72.8692,528.8,3/8/17,0.21,0,0
USC00196989,42.735,-72.8692,528.8,3/9/17,0,0,0
USC00196989,42.735,-72.8692,528.8,3/10/17,0,0,0
USC00196989,42.735,-72.8692,528.8,3/11/17,0,0.1,0
USC00196989,42.735,-72.8692,528.8,3/12/17,0,0,0
USC00196989,42.735,-72.8692,528.8,3/13/17,0,0,0
USC00196989,42.735,-72.8692,528.8,3/14/17,0.23,1.9,2
USC00196989,42.735,-72.8692,528.8,3/15/17,2.47,14,16
USC00196989,42.735,-72.8692,528.8,3/16/17,0.05,1.1,11
USC00196989,42.735,-72.8692,528.8,3/17/17,0,0,10
USC00196989,42.735,-72.8692,528.8,3/18/17,0,0,9
USC00196989,42.735,-72.8692,528.8,3/19/17,0,0,8
USC00196989,42.735,-72.8692,528.8,3/20/17,0,0,7
USC00196989,42.735,-72.8692,528.8,3/21/17,0,0,5
USC00196989,42.735,-72.8692,528.8,3/22/17,0.03,0.8,5
USC00196989,42.735,-72.8692,528.8,3/23/17,0,0,5
USC00196989,42.735,-72.8692,528.8,3/24/17,0,0,4
USC00196989,42.735,-72.8692,528.8,3/25/17,0.21,0.7,3
USC00196989,42.735,-72.8692,528.8,3/26/17,0.2,0,3
USC00196989,42.735,-72.8692,528.8,3/27/17,0.42,0,3
USC00196989,42.735,-72.8692,528.8,3/28/17,0.35,0,3
USC00196989,42.735,-72.8692,528.8,3/29/17,0.45,0,2
USC00196989,42.735,-72.8692,528.8,3/30/17,0,0,0
USC00196989,42.735,-72.8692,528.8,3/31/17,0.11,0.7,1
USC00196989,42.735,-72.8692,528.8,4/1/17,1.37,5.4,6
USC00196989,42.735,-72.8692,528.8,4/2/17,0.08,0.6,6
USC00196989,42.735,-72.8692,528.8,4/3/17,0,0,4
USC00196989,42.735,-72.8692,528.8,4/4/17,0.61,0,2
USC00196989,42.735,-72.8692,528.8,4/5/17,0.85,0,1
USC00196989,42.735,-72.8692,528.8,4/6/17,0.02,0,0
USC00196989,42.735,-72.8692,528.8,4/7/17,0.71,0,0
USC00196989,42.735,-72.8692,528.8,4/8/17,0.08,0.5,1
USC00196989,42.735,-72.8692,528.8,4/9/17,0,0,0
USC00196989,42.735,-72.8692,528.8,4/10/17,0,0,0
USC00196989,42.735,-72.8692,528.8,4/11/17,0,0,0
USC00196989,42.735,-72.8692,528.8,4/12/17,0,0,0
USC00196989,42.735,-72.8692,528.8,4/13/17,0.14,0,0
USC00196989,42.735,-72.8692,528.8,4/14/17,0,0,0
USC00196989,42.735,-72.8692,528.8,4/15/17,0,0,0
USC00196989,42.735,-72.8692,528.8,4/16/17,0,0,0
USC00196989,42.735,-72.8692,528.8,4/17/17,0.1,0,0
USC00196989,42.735,-72.8692,528.8,4/18/17,0,0,0
USC00196989,42.735,-72.8692,528.8,4/19/17,0,0,0
USC00196989,42.735,-72.8692,528.8,4/20/17,0.16,0,0
USC00196989,42.735,-72.8692,528.8,4/21/17,0.74,0,0
USC00196989,42.735,-72.8692,528.8,4/22/17,0.13,0,0
USC00196989,42.735,-72.8692,528.8,4/23/17,0,0,0
USC00196989,42.735,-72.8692,528.8,4/24/17,0,0,0
USC00196989,42.735,-72.8692,528.8,4/25/17,0.02,0,0
USC00196989,42.735,-72.8692,528.8,4/26/17,0.65,0,0
USC00196989,42.735,-72.8692,528.8,4/27/17,0.06,0,0
USC00196989,42.735,-72.8692,528.8,4/28/17,0.12,0,0
USC00196989,42.735,-72.8692,528.8,4/29/17,0,0,0
USC00196989,42.735,-72.8692,528.8,4/30/17,0,0,0
USC00196989,42.735,-72.8692,528.8,5/1/17,0.03,0,0
USC00196989,42.735,-72.8692,528.8,5/2/17,1.46,0,0
USC00196989,42.735,-72.8692,528.8,5/3/17,0.21,0,0
USC00196989,42.735,-72.8692,528.8,5/4/17,0.02,0,0
USC00196989,42.735,-72.8692,528.8,5/5/17,0.09,0,0
USC00196989,42.735,-72.8692,528.8,5/6/17,1.44,0,0
USC00196989,42.735,-72.8692,528.8,5/7/17,0.17,0,0
USC00196989,42.735,-72.8692,528.8,5/8/17,0.16,0,0
USC00196989,42.735,-72.8692,528.8,5/9/17,0.03,0,0
USC00196989,42.735,-72.8692,528.8,5/10/17,0,0,0
USC00196989,42.735,-72.8692,528.8,5/11/17,0,0,0
USC00196989,42.735,-72.8692,528.8,5/12/17,0,0,0
USC00196989,42.735,-72.8692,528.8,5/13/17,0,0,0
USC00196989,42.735,-72.8692,528.8,5/14/17,1.66,1.1,1
USC00196989,42.735,-72.8692,528.8,5/15/17,0.04,0,0
USC00196989,42.735,-72.8692,528.8,5/16/17,0,0,0
USC00196989,42.735,-72.8692,528.8,5/17/17,0,0,0
USC00196989,42.735,-72.8692,528.8,5/18/17,0,0,0
USC00196989,42.735,-72.8692,528.8,5/19/17,0.34,0,0
USC00196989,42.735,-72.8692,528.8,5/20/17,0,0,0
USC00196989,42.735,-72.8692,528.8,5/21/17,0,0,0
USC00196989,42.735,-72.8692,528.8,5/22/17,0.34,0,0
USC00196989,42.735,-72.8692,528.8,5/23/17,0.16,0,0
USC00196989,42.735,-72.8692,528.8,5/24/17,0,0,0
USC00196989,42.735,-72.8692,528.8,5/25/17,0,0,0
USC00196989,42.735,-72.8692,528.8,5/26/17,1.2,0,0
USC00196989,42.735,-72.8692,528.8,5/27/17,0.21,0,0
USC00196989,42.735,-72.8692,528.8,5/28/17,0,0,0
USC00196989,42.735,-72.8692,528.8,5/29/17,0,0,0
USC00196989,42.735,-72.8692,528.8,5/30/17,0.28,0,0
USC00196989,42.735,-72.8692,528.8,5/31/17,0.18,0,0
USC00196989,42.735,-72.8692,528.8,6/1/17,0.26,0,0
USC00196989,42.735,-72.8692,528.8,6/2/17,0,0,0
USC00196989,42.735,-72.8692,528.8,6/3/17,0,0,0
USC00196989,42.735,-72.8692,528.8,6/4/17,0,0,0
USC00196989,42.735,-72.8692,528.8,6/5/17,0.48,0,0
USC00196989,42.735,-72.8692,528.8,6/6/17,0.93,0,0
USC00196989,42.735,-72.8692,528.8,6/7/17,1.33,0,0
USC00196989,42.735,-72.8692,528.8,6/8/17,0,0,0
USC00196989,42.735,-72.8692,528.8,6/9/17,0,0,0
USC00196989,42.735,-72.8692,528.8,6/10/17,0,0,0
USC00196989,42.735,-72.8692,528.8,6/11/17,0,0,0
USC00196989,42.735,-72.8692,528.8,6/12/17,0,0,0
USC00196989,42.735,-72.8692,528.8,6/13/17,0,0,0
USC00196989,42.735,-72.8692,528.8,6/14/17,0.03,0,0
USC00196989,42.735,-72.8692,528.8,6/15/17,0,0,0
USC00196989,42.735,-72.8692,528.8,6/16/17,0.19,0,0
USC00196989,42.735,-72.8692,528.8,6/17/17,0.78,0,0
USC00196989,42.735,-72.8692,528.8,6/18/17,0.02,0,0
USC00196989,42.735,-72.8692,528.8,6/19/17,0,0,0
USC00196989,42.735,-72.8692,528.8,6/20/17,1.84,0,0
USC00196989,42.735,-72.8692,528.8,6/21/17,0.04,0,0
USC00196989,42.735,-72.8692,528.8,6/22/17,0,0,0
USC00196989,42.735,-72.8692,528.8,6/23/17,0.02,0,0
USC00196989,42.735,-72.8692,528.8,6/24/17,0.58,0,0
USC00196989,42.735,-72.8692,528.8,6/25/17,0.21,0,0
USC00196989,42.735,-72.8692,528.8,6/26/17,0.07,0,0
USC00196989,42.735,-72.8692,528.8,6/27/17,0.19,0,0
USC00196989,42.735,-72.8692,528.8,6/28/17,0.07,0,0
USC00196989,42.735,-72.8692,528.8,6/29/17,0,0,0
USC00196989,42.735,-72.8692,528.8,6/30/17,0,0,0
USC00196989,42.735,-72.8692,528.8,7/1/17,1.31,0,0
USC00196989,42.735,-72.8692,528.8,7/2/17,0.48,0,0
USC00196989,42.735,-72.8692,528.8,7/3/17,0.02,0,0
USC00196989,42.735,-72.8692,528.8,7/4/17,0,0,0
USC00196989,42.735,-72.8692,528.8,7/5/17,0,0,0
USC00196989,42.735,-72.8692,528.8,7/6/17,0,0,0
USC00196989,42.735,-72.8692,528.8,7/7/17,0.02,0,0
USC00196989,42.735,-72.8692,528.8,7/8/17,0.5,0,0
USC00196989,42.735,-72.8692,528.8,7/9/17,0.12,0,0
USC00196989,42.735,-72.8692,528.8,7/10/17,0,0,0
USC00196989,42.735,-72.8692,528.8,7/11/17,0.07,0,0
USC00196989,42.735,-72.8692,528.8,7/12/17,0.02,0,0
USC00196989,42.735,-72.8692,528.8,7/13/17,0.26,0,0
USC00196989,42.735,-72.8692,528.8,7/14/17,0.03,0,0
USC00196989,42.735,-72.8692,528.8,7/15/17,0.07,0,0
USC00196989,42.735,-72.8692,528.8,7/16/17,0.04,0,0
USC00196989,42.735,-72.8692,528.8,7/17/17,0,0,0
USC00196989,42.735,-72.8692,528.8,7/18/17,2.01,0,0
USC00196989,42.735,-72.8692,528.8,7/19/17,0.02,0,0
USC00196989,42.735,-72.8692,528.8,7/20/17,0,0,0
USC00196989,42.735,-72.8692,528.8,7/21/17,0,0,0
USC00196989,42.735,-72.8692,528.8,7/22/17,0,0,0
USC00196989,42.735,-72.8692,528.8,7/23/17,0,0,0
USC00196989,42.735,-72.8692,528.8,7/24/17,0.16,0,0
USC00196989,42.735,-72.8692,528.8,7/25/17,0.7,0,0
USC00196989,42.735,-72.8692,528.8,7/26/17,0.02,0,0
USC00196989,42.735,-72.8692,528.8,7/27/17,0,0,0
USC00196989,42.735,-72.8692,528.8,7/28/17,0.11,0,0
USC00196989,42.735,-72.8692,528.8,7/29/17,0,0,0
USC00196989,42.735,-72.8692,528.8,7/30/17,0,0,0
USC00196989,42.735,-72.8692,528.8,7/31/17,0,0,0
USC00196989,42.735,-72.8692,528.8,8/1/17,0,0,0
USC00196989,42.735,-72.8692,528.8,8/2/17,0,0,0
USC00196989,42.735,-72.8692,528.8,8/3/17,0.23,0,0
USC00196989,42.735,-72.8692,528.8,8/4/17,1.29,0,0
USC00196989,42.735,-72.8692,528.8,8/5/17,0.27,0,0
USC00196989,42.735,-72.8692,528.8,8/6/17,0.3,0,0
USC00196989,42.735,-72.8692,528.8,8/7/17,0,0,0
USC00196989,42.735,-72.8692,528.8,8/8/17,0.68,0,0
USC00196989,42.735,-72.8692,528.8,8/9/17,0,0,0
USC00196989,42.735,-72.8692,528.8,8/10/17,0.04,0,0
USC00196989,42.735,-72.8692,528.8,8/11/17,0.02,0,0
USC00196989,42.735,-72.8692,528.8,8/12/17,0.28,0,0
USC00196989,42.735,-72.8692,528.8,8/13/17,0.6,0,0
USC00196989,42.735,-72.8692,528.8,8/14/17,0,0,0
USC00196989,42.735,-72.8692,528.8,8/15/17,0.4,0,0
USC00196989,42.735,-72.8692,528.8,8/16/17,0,0,0
USC00196989,42.735,-72.8692,528.8,8/17/17,0,0,0
USC00196989,42.735,-72.8692,528.8,8/18/17,0.08,0,0
USC00196989,42.735,-72.8692,528.8,8/19/17,0.78,0,0
USC00196989,42.735,-72.8692,528.8,8/20/17,0,0,0
USC00196989,42.735,-72.8692,528.8,8/21/17,0,0,0
USC00196989,42.735,-72.8692,528.8,8/22/17,0,0,0
USC00196989,42.735,-72.8692,528.8,8/23/17,0.53,0,0
USC00196989,42.735,-72.8692,528.8,8/24/17,0.01,0,0
USC00196989,42.735,-72.8692,528.8,8/25/17,0,0,0
USC00196989,42.735,-72.8692,528.8,8/26/17,0,0,0
USC00196989,42.735,-72.8692,528.8,8/27/17,0,0,0
USC00196989,42.735,-72.8692,528.8,8/28/17,0,0,0
USC00196989,42.735,-72.8692,528.8,8/29/17,0,0,0
USC00196989,42.735,-72.8692,528.8,8/30/17,0,0,0
USC00196989,42.735,-72.8692,528.8,8/31/17,0,0,0
USC00196989,42.735,-72.8692,528.8,9/1/17,0,0,0
USC00196989,42.735,-72.8692,528.8,9/2/17,0,0,0
USC00196989,42.735,-72.8692,528.8,9/3/17,0.21,0,0
USC00196989,42.735,-72.8692,528.8,9/4/17,1.06,0,0
USC00196989,42.735,-72.8692,528.8,9/5/17,0.03,0,0
USC00196989,42.735,-72.8692,528.8,9/6/17,0.64,0,0
USC00196989,42.735,-72.8692,528.8,9/7/17,0.62,0,0
USC00196989,42.735,-72.8692,528.8,9/8/17,0.18,0,0
USC00196989,42.735,-72.8692,528.8,9/9/17,0.02,0,0
USC00196989,42.735,-72.8692,528.8,9/10/17,0,0,0
USC00196989,42.735,-72.8692,528.8,9/11/17,0,0,0
USC00196989,42.735,-72.8692,528.8,9/12/17,0,0,0
USC00196989,42.735,-72.8692,528.8,9/13/17,0,0,0
USC00196989,42.735,-72.8692,528.8,9/14/17,0,0,0
USC00196989,42.735,-72.8692,528.8,9/15/17,0.04,0,0
USC00196989,42.735,-72.8692,528.8,9/16/17,0.03,0,0
USC00196989,42.735,-72.8692,528.8,9/17/17,0,0,0
USC00196989,42.735,-72.8692,528.8,9/18/17,0,0,0
USC00196989,42.735,-72.8692,528.8,9/19/17,0,0,0
USC00196989,42.735,-72.8692,528.8,9/20/17,0,0,0
USC00196989,42.735,-72.8692,528.8,9/21/17,0,0,0
USC00196989,42.735,-72.8692,528.8,9/22/17,0,0,0
USC00196989,42.735,-72.8692,528.8,9/23/17,0,0,0
USC00196989,42.735,-72.8692,528.8,9/24/17,0,0,0
USC00196989,42.735,-72.8692,528.8,9/25/17,0,0,0
USC00196989,42.735,-72.8692,528.8,9/26/17,0,0,0
USC00196989,42.735,-72.8692,528.8,9/27/17,0,0,0
USC00196989,42.735,-72.8692,528.8,9/28/17,0,0,0
USC00196989,42.735,-72.8692,528.8,9/29/17,0,0,0
USC00196989,42.735,-72.8692,528.8,9/30/17,0.24,0,0
USC00196989,42.735,-72.8692,528.8,10/1/17,0,0,0
USC00196989,42.735,-72.8692,528.8,10/2/17,0,0,0
USC00196989,42.735,-72.8692,528.8,10/3/17,0,0,0
USC00196989,42.735,-72.8692,528.8,10/4/17,0,0,0
USC00196989,42.735,-72.8692,528.8,10/5/17,0,0,0
USC00196989,42.735,-72.8692,528.8,10/6/17,0,0,0
USC00196989,42.735,-72.8692,528.8,10/7/17,0.04,0,0
USC00196989,42.735,-72.8692,528.8,10/8/17,0.03,0,0
USC00196989,42.735,-72.8692,528.8,10/9/17,0.53,0,0
USC00196989,42.735,-72.8692,528.8,10/10/17,0.87,0,0
USC00196989,42.735,-72.8692,528.8,10/11/17,0,0,0
USC00196989,42.735,-72.8692,528.8,10/12/17,0,0,0
USC00196989,42.735,-72.8692,528.8,10/13/17,0,0,0
USC00196989,42.735,-72.8692,528.8,10/14/17,0,0,0
USC00196989,42.735,-72.8692,528.8,10/15/17,0,0,0
USC00196989,42.735,-72.8692,528.8,10/16/17,0.11,0,0
USC00196989,42.735,-72.8692,528.8,10/17/17,0,0,0
USC00196989,42.735,-72.8692,528.8,10/18/17,0,0,0
USC00196989,42.735,-72.8692,528.8,10/19/17,0,0,0
USC00196989,42.735,-72.8692,528.8,10/20/17,0,0,0
USC00196989,42.735,-72.8692,528.8,10/21/17,0,0,0
USC00196989,42.735,-72.8692,528.8,10/22/17,0,0,0
USC00196989,42.735,-72.8692,528.8,10/23/17,0,0,0
USC00196989,42.735,-72.8692,528.8,10/24/17,0.03,0,0
USC00196989,42.735,-72.8692,528.8,10/25/17,1.54,0,0
USC00196989,42.735,-72.8692,528.8,10/26/17,0.16,0,0
USC00196989,42.735,-72.8692,528.8,10/27/17,0.35,0,0
USC00196989,42.735,-72.8692,528.8,10/28/17,0,0,0
USC00196989,42.735,-72.8692,528.8,10/29/17,0.16,0,0
USC00196989,42.735,-72.8692,528.8,10/30/17,3.78,0,0
USC00196989,42.735,-72.8692,528.8,10/31/17,0.38,0,0
USC00196989,42.735,-72.8692,528.8,11/1/17,0,0,0
USC00196989,42.735,-72.8692,528.8,11/2/17,0.26,0,0
USC00196989,42.735,-72.8692,528.8,11/3/17,0.03,0,0
USC00196989,42.735,-72.8692,528.8,11/4/17,0.02,0,0
USC00196989,42.735,-72.8692,528.8,11/5/17,0,0,0
USC00196989,42.735,-72.8692,528.8,11/6/17,0.13,0,0
USC00196989,42.735,-72.8692,528.8,11/7/17,0.16,0,0
USC00196989,42.735,-72.8692,528.8,11/8/17,0.03,0.3,0
USC00196989,42.735,-72.8692,528.8,11/9/17,0,0,0
USC00196989,42.735,-72.8692,528.8,11/10/17,0.03,0,0
USC00196989,42.735,-72.8692,528.8,11/11/17,0,0,0
USC00196989,42.735,-72.8692,528.8,11/12/17,0,0,0
USC00196989,42.735,-72.8692,528.8,11/13/17,0,0,0
USC00196989,42.735,-72.8692,528.8,11/14/17,0,0,0
USC00196989,42.735,-72.8692,528.8,11/15/17,0.02,0,0
USC00196989,42.735,-72.8692,528.8,11/16/17,0.11,0.2,0
USC00196989,42.735,-72.8692,528.8,11/17/17,0.23,0,0
USC00196989,42.735,-72.8692,528.8,11/18/17,0,0,0
USC00196989,42.735,-72.8692,528.8,11/19/17,0.47,0,0
USC00196989,42.735,-72.8692,528.8,11/20/17,0.16,0.4,0
USC00196989,42.735,-72.8692,528.8,11/21/17,0,0,0
USC00196989,42.735,-72.8692,528.8,11/22/17,0,0,0
USC00196989,42.735,-72.8692,528.8,11/23/17,0.01,0,0
USC00196989,42.735,-72.8692,528.8,11/24/17,0,0,0
USC00196989,42.735,-72.8692,528.8,11/25/17,0,0,0
USC00196989,42.735,-72.8692,528.8,11/26/17,0.03,0,0
USC00196989,42.735,-72.8692,528.8,11/27/17,0.01,0.2,0
USC00196989,42.735,-72.8692,528.8,11/28/17,0,0,0
USC00196989,42.735,-72.8692,528.8,11/29/17,0,0,0
USC00196989,42.735,-72.8692,528.8,11/30/17,0,0,0
USC00196989,42.735,-72.8692,528.8,12/1/17,0.18,0,0
USC00196989,42.735,-72.8692,528.8,12/2/17,0,0,0
USC00196989,42.735,-72.8692,528.8,12/3/17,0,0,0
USC00196989,42.735,-72.8692,528.8,12/4/17,0,0,0
USC00196989,42.735,-72.8692,528.8,12/5/17,0,0,0
USC00196989,42.735,-72.8692,528.8,12/6/17,0.66,0,0
USC00196989,42.735,-72.8692,528.8,12/7/17,0,0,0
USC00196989,42.735,-72.8692,528.8,12/8/17,0,0,0
USC00196989,42.735,-72.8692,528.8,12/9/17,0,0,0
USC00196989,42.735,-72.8692,528.8,12/10/17,0.3,5.2,5
USC00196989,42.735,-72.8692,528.8,12/11/17,0,0.2,4
USC00196989,42.735,-72.8692,528.8,12/12/17,0.2,1.7,5
USC00196989,42.735,-72.8692,528.8,12/13/17,0.58,8.6,9
USC00196989,42.735,-72.8692,528.8,12/14/17,0.04,0.6,7
USC00196989,42.735,-72.8692,528.8,12/15/17,0,0.2,6
USC00196989,42.735,-72.8692,528.8,12/16/17,0.02,0.1,6
USC00196989,42.735,-72.8692,528.8,12/17/17,0.05,1.8,7
USC00196989,42.735,-72.8692,528.8,12/18/17,0,0.2,6
USC00196989,42.735,-72.8692,528.8,12/19/17,0.02,0.6,5
USC00196989,42.735,-72.8692,528.8,12/20/17,0.02,0,3
USC00196989,42.735,-72.8692,528.8,12/21/17,0,0,3
USC00196989,42.735,-72.8692,528.8,12/22/17,0.04,0.6,3
USC00196989,42.735,-72.8692,528.8,12/23/17,0.37,1.9,4
USC00196989,42.735,-72.8692,528.8,12/24/17,0.53,0,4
USC00196989,42.735,-72.8692,528.8,12/25/17,0.37,5.3,10
USC00196989,42.735,-72.8692,528.8,12/26/17,0.1,1.8,8
USC00196989,42.735,-72.8692,528.8,12/27/17,0,0,7
USC00196989,42.735,-72.8692,528.8,12/28/17,0,0,7
USC00196989,42.735,-72.8692,528.8,12/29/17,0,0,7
USC00196989,42.735,-72.8692,528.8,12/30/17,0,0.1,7
USC00196989,42.735,-72.8692,528.8,12/31/17,0.03,0.4,7
USC00196989,42.735,-72.8692,528.8,1/1/18,0,0,7
USC00196989,42.735,-72.8692,528.8,1/2/18,0,0,7
USC00196989,42.735,-72.8692,528.8,1/3/18,0,0,7
USC00196989,42.735,-72.8692,528.8,1/4/18,0.04,0.3,7
USC00196989,42.735,-72.8692,528.8,1/5/18,0.59,6.5,10
USC00196989,42.735,-72.8692,528.8,1/6/18,0,0,10
USC00196989,42.735,-72.8692,528.8,1/7/18,0,0,10
USC00196989,42.735,-72.8692,528.8,1/8/18,0,0,10
USC00196989,42.735,-72.8692,528.8,1/9/18,0.08,0.6,10
USC00196989,42.735,-72.8692,528.8,1/10/18,0,0,10
USC00196989,42.735,-72.8692,528.8,1/11/18,0,0,10
USC00196989,42.735,-72.8692,528.8,1/12/18,0.02,0,9
USC00196989,42.735,-72.8692,528.8,1/13/18,2.56,0,3
USC00196989,42.735,-72.8692,528.8,1/14/18,0.05,0.2,3
USC00196989,42.735,-72.8692,528.8,1/15/18,0,0,3
USC00196989,42.735,-72.8692,528.8,1/16/18,0.03,0.6,4
USC00196989,42.735,-72.8692,528.8,1/17/18,0.41,5,9
USC00196989,42.735,-72.8692,528.8,1/18/18,0.06,0.9,9
USC00196989,42.735,-72.8692,528.8,1/19/18,0,0,9
USC00196989,42.735,-72.8692,528.8,1/20/18,0,0,8
USC00196989,42.735,-72.8692,528.8,1/21/18,0,0,6
USC00196989,42.735,-72.8692,528.8,1/22/18,0.03,0.1,5
USC00196989,42.735,-72.8692,528.8,1/23/18,0.26,0,5
USC00196989,42.735,-72.8692,528.8,1/24/18,1,0.1,5
USC00196989,42.735,-72.8692,528.8,1/25/18,0,0,5
USC00196989,42.735,-72.8692,528.8,1/26/18,0,0,5
USC00196989,42.735,-72.8692,528.8,1/27/18,0,0,5
USC00196989,42.735,-72.8692,528.8,1/28/18,0.07,0,4
USC00196989,42.735,-72.8692,528.8,1/29/18,0,0,4
USC00196989,42.735,-72.8692,528.8,1/30/18,0,0,4
USC00196989,42.735,-72.8692,528.8,1/31/18,0.03,0.3,4
USC00196989,42.735,-72.8692,528.8,2/1/18,0.2,2.4,6
USC00196989,42.735,-72.8692,528.8,2/2/18,0.13,1,5
USC00196989,42.735,-72.8692,528.8,2/3/18,0,0,5
USC00196989,42.735,-72.8692,528.8,2/4/18,0,0,4
USC00196989,42.735,-72.8692,528.8,2/5/18,0.69,2.6,7
USC00196989,42.735,-72.8692,528.8,2/6/18,0.03,0.1,7
USC00196989,42.735,-72.8692,528.8,2/7/18,0.05,1.6,8
USC00196989,42.735,-72.8692,528.8,2/8/18,0.74,5.1,12
USC00196989,42.735,-72.8692,528.8,2/9/18,0,0.2,12
USC00196989,42.735,-72.8692,528.8,2/10/18,0.05,0.4,12
USC00196989,42.735,-72.8692,528.8,2/11/18,0.13,0,9
USC00196989,42.735,-72.8692,528.8,2/12/18,0.82,0,8
USC00196989,42.735,-72.8692,528.8,2/13/18,0,0,8
USC00196989,42.735,-72.8692,528.8,2/14/18,0,0,8
USC00196989,42.735,-72.8692,528.8,2/15/18,0,0,8
USC00196989,42.735,-72.8692,528.8,2/16/18,0.04,0,4
USC00196989,42.735,-72.8692,528.8,2/17/18,0,0,4
USC00196989,42.735,-72.8692,528.8,2/18/18,0.34,5.1,10
USC00196989,42.735,-72.8692,528.8,2/19/18,0,0,8
USC00196989,42.735,-72.8692,528.8,2/20/18,0.39,0,5
USC00196989,42.735,-72.8692,528.8,2/21/18,0,0,1
USC00196989,42.735,-72.8692,528.8,2/22/18,0,0,0
USC00196989,42.735,-72.8692,528.8,2/23/18,0.19,2,2
USC00196989,42.735,-72.8692,528.8,2/24/18,0.49,0,1
USC00196989,42.735,-72.8692,528.8,2/25/18,0.27,1.7,3
USC00196989,42.735,-72.8692,528.8,2/26/18,0.45,0.1,3
USC00196989,42.735,-72.8692,528.8,2/27/18,0,0,2
USC00196989,42.735,-72.8692,528.8,2/28/18,0,0,0
USC00196989,42.735,-72.8692,528.8,3/1/18,0,0,0
USC00196989,42.735,-72.8692,528.8,3/2/18,0.69,7.8,8
USC00196989,42.735,-72.8692,528.8,3/3/18,0.55,1.8,7
USC00196989,42.735,-72.8692,528.8,3/4/18,0,0,5
USC00196989,42.735,-72.8692,528.8,3/5/18,0.04,0.3,5
USC00196989,42.735,-72.8692,528.8,3/6/18,0,0,5
USC00196989,42.735,-72.8692,528.8,3/7/18,0.12,1.1,4
USC00196989,42.735,-72.8692,528.8,3/8/18,1.24,18.2,21
USC00196989,42.735,-72.8692,528.8,3/9/18,0.04,0.8,17
USC00196989,42.735,-72.8692,528.8,3/10/18,0.19,4.7,22
USC00196989,42.735,-72.8692,528.8,3/11/18,0.03,0.7,18
USC00196989,42.735,-72.8692,528.8,3/12/18,0,0,16
USC00196989,42.735,-72.8692,528.8,3/13/18,0.33,5.9,19
USC00196989,42.735,-72.8692,528.8,3/14/18,0.48,7.9,24
USC00196989,42.735,-72.8692,528.8,3/15/18,0.24,5.3,28
USC00196989,42.735,-72.8692,528.8,3/16/18,0.01,0.1,23
USC00196989,42.735,-72.8692,528.8,3/17/18,0.03,0.6,22
USC00196989,42.735,-72.8692,528.8,3/18/18,0,0,20
USC00196989,42.735,-72.8692,528.8,3/19/18,0,0,20
USC00196989,42.735,-72.8692,528.8,3/20/18,0,0,19
USC00196989,42.735,-72.8692,528.8,3/21/18,0,0,17
USC00196989,42.735,-72.8692,528.8,3/22/18,0,0,16
USC00196989,42.735,-72.8692,528.8,3/23/18,0,0,13
USC00196989,42.735,-72.8692,528.8,3/24/18,0,0,12
USC00196989,42.735,-72.8692,528.8,3/25/18,0.02,0.2,12
USC00196989,42.735,-72.8692,528.8,3/26/18,0,0,10
USC00196989,42.735,-72.8692,528.8,3/27/18,0,0,9
USC00196989,42.735,-72.8692,528.8,3/28/18,0.05,0,8
USC00196989,42.735,-72.8692,528.8,3/29/18,0,0,6
USC00196989,42.735,-72.8692,528.8,3/30/18,0.27,0,5
USC00196989,42.735,-72.8692,528.8,3/31/18,0,0,4
USC00196989,42.735,-72.8692,528.8,4/1/18,0,0,4
USC00196989,42.735,-72.8692,528.8,4/2/18,0.06,0.6,4
USC00196989,42.735,-72.8692,528.8,4/3/18,0.01,0.2,4
USC00196989,42.735,-72.8692,528.8,4/4/18,0.59,0.3,4
USC00196989,42.735,-72.8692,528.8,4/5/18,0.19,0,4
USC00196989,42.735,-72.8692,528.8,4/6/18,0,0,3
USC00196989,42.735,-72.8692,528.8,4/7/18,0.42,4.1,8
USC00196989,42.735,-72.8692,528.8,4/8/18,0,0,7
USC00196989,42.735,-72.8692,528.8,4/9/18,0.03,0.2,6
USC00196989,42.735,-72.8692,528.8,4/10/18,0,0,5
USC00196989,42.735,-72.8692,528.8,4/11/18,0.05,0,5
USC00196989,42.735,-72.8692,528.8,4/12/18,0.02,0.1,4
USC00196989,42.735,-72.8692,528.8,4/13/18,0.22,0,4
USC00196989,42.735,-72.8692,528.8,4/14/18,0,0,3
USC00196989,42.735,-72.8692,528.8,4/15/18,0.02,0,3
USC00196989,42.735,-72.8692,528.8,4/16/18,0.55,1.6,4
USC00196989,42.735,-72.8692,528.8,4/17/18,1.26,0.7,4
USC00196989,42.735,-72.8692,528.8,4/18/18,0,0,4
USC00196989,42.735,-72.8692,528.8,4/19/18,0.01,0.2,3
USC00196989,42.735,-72.8692,528.8,4/20/18,0.03,0.4,3
USC00196989,42.735,-72.8692,528.8,4/21/18,0,0,2
USC00196989,42.735,-72.8692,528.8,4/22/18,0,0,0
USC00196989,42.735,-72.8692,528.8,4/23/18,0,0,0
USC00196989,42.735,-72.8692,528.8,4/24/18,0,0,0
USC00196989,42.735,-72.8692,528.8,4/25/18,0.27,0,0
USC00196989,42.735,-72.8692,528.8,4/26/18,0.53,0,0
USC00196989,42.735,-72.8692,528.8,4/27/18,0,0,0
USC00196989,42.735,-72.8692,528.8,4/28/18,0.41,0,0
USC00196989,42.735,-72.8692,528.8,4/29/18,0.31,0,0
USC00196989,42.735,-72.8692,528.8,4/30/18,0.12,0.1,0
USC00196989,42.735,-72.8692,528.8,5/1/18,0.02,0,0
USC00196989,42.735,-72.8692,528.8,5/2/18,0,0,0
USC00196989,42.735,-72.8692,528.8,5/3/18,0,0,0
USC00196989,42.735,-72.8692,528.8,5/4/18,0.02,0,0
USC00196989,42.735,-72.8692,528.8,5/5/18,0.33,0,0
USC00196989,42.735,-72.8692,528.8,5/6/18,0,0,0
USC00196989,42.735,-72.8692,528.8,5/7/18,0.49,0,0
USC00196989,42.735,-72.8692,528.8,5/8/18,0,0,0
USC00196989,42.735,-72.8692,528.8,5/9/18,0,0,0
USC00196989,42.735,-72.8692,528.8,5/10/18,0,0,0
USC00196989,42.735,-72.8692,528.8,5/11/18,0.08,0,0
USC00196989,42.735,-72.8692,528.8,5/12/18,0,0,0
USC00196989,42.735,-72.8692,528.8,5/13/18,0.12,0,0
USC00196989,42.735,-72.8692,528.8,5/14/18,0,0,0
USC00196989,42.735,-72.8692,528.8,5/15/18,0,0,0
USC00196989,42.735,-72.8692,528.8,5/16/18,0.21,0,0
USC00196989,42.735,-72.8692,528.8,5/17/18,0,0,0
USC00196989,42.735,-72.8692,528.8,5/18/18,0,0,0
USC00196989,42.735,-72.8692,528.8,5/19/18,0,0,0
USC00196989,42.735,-72.8692,528.8,5/20/18,0.64,0,0
USC00196989,42.735,-72.8692,528.8,5/21/18,0,0,0
USC00196989,42.735,-72.8692,528.8,5/22/18,0,0,0
USC00196989,42.735,-72.8692,528.8,5/23/18,0.13,0,0
USC00196989,42.735,-72.8692,528.8,5/24/18,0,0,0
USC00196989,42.735,-72.8692,528.8,5/25/18,0,0,0
USC00196989,42.735,-72.8692,528.8,5/26/18,0,0,0
USC00196989,42.735,-72.8692,528.8,5/27/18,0.05,0,0
USC00196989,42.735,-72.8692,528.8,5/28/18,0.27,0,0
USC00196989,42.735,-72.8692,528.8,5/29/18,0,0,0
USC00196989,42.735,-72.8692,528.8,5/30/18,0,0,0
USC00196989,42.735,-72.8692,528.8,5/31/18,0,0,0
USC00196989,42.735,-72.8692,528.8,6/1/18,0.12,0,0
USC00196989,42.735,-72.8692,528.8,6/2/18,0.08,0,0
USC00196989,42.735,-72.8692,528.8,6/3/18,0,0,0
USC00196989,42.735,-72.8692,528.8,6/4/18,0.54,0,0
USC00196989,42.735,-72.8692,528.8,6/5/18,0.2,0,0
USC00196989,42.735,-72.8692,528.8,6/6/18,0.04,0,0
USC00196989,42.735,-72.8692,528.8,6/7/18,0,0,0
USC00196989,42.735,-72.8692,528.8,6/8/18,0,0,0
USC00196989,42.735,-72.8692,528.8,6/9/18,0,0,0
USC00196989,42.735,-72.8692,528.8,6/10/18,0,0,0
USC00196989,42.735,-72.8692,528.8,6/11/18,0,0,0
USC00196989,42.735,-72.8692,528.8,6/12/18,0,0,0
USC00196989,42.735,-72.8692,528.8,6/13/18,0,0,0
USC00196989,42.735,-72.8692,528.8,6/14/18,0.03,0,0
USC00196989,42.735,-72.8692,528.8,6/15/18,0.04,0,0
USC00196989,42.735,-72.8692,528.8,6/16/18,0,0,0
USC00196989,42.735,-72.8692,528.8,6/17/18,0,0,0
USC00196989,42.735,-72.8692,528.8,6/18/18,0,0,0
USC00196989,42.735,-72.8692,528.8,6/19/18,0.57,0,0
USC00196989,42.735,-72.8692,528.8,6/20/18,0,0,0
USC00196989,42.735,-72.8692,528.8,6/21/18,0,0,0
USC00196989,42.735,-72.8692,528.8,6/22/18,0,0,0
USC00196989,42.735,-72.8692,528.8,6/23/18,0,0,0
USC00196989,42.735,-72.8692,528.8,6/24/18,0.08,0,0
USC00196989,42.735,-72.8692,528.8,6/25/18,0.5,0,0
USC00196989,42.735,-72.8692,528.8,6/26/18,0,0,0
USC00196989,42.735,-72.8692,528.8,6/27/18,0,0,0
USC00196989,42.735,-72.8692,528.8,6/28/18,1.34,0,0
USC00196989,42.735,-72.8692,528.8,6/29/18,0.43,0,0
USC00196989,42.735,-72.8692,528.8,6/30/18,0,0,0
USC00196989,42.735,-72.8692,528.8,7/1/18,0,0,0
USC00196989,42.735,-72.8692,528.8,7/2/18,0,0,0
USC00196989,42.735,-72.8692,528.8,7/3/18,0,0,0
USC00196989,42.735,-72.8692,528.8,7/4/18,0,0,0
USC00196989,42.735,-72.8692,528.8,7/5/18,0,0,0
USC00196989,42.735,-72.8692,528.8,7/6/18,0.54,0,0
USC00196989,42.735,-72.8692,528.8,7/7/18,0.18,0,0
USC00196989,42.735,-72.8692,528.8,7/8/18,0,0,0
USC00196989,42.735,-72.8692,528.8,7/9/18,0,0,0
USC00196989,42.735,-72.8692,528.8,7/10/18,0,0,0
USC00196989,42.735,-72.8692,528.8,7/11/18,0,0,0
USC00196989,42.735,-72.8692,528.8,7/12/18,0,0,0
USC00196989,42.735,-72.8692,528.8,7/13/18,0,0,0
USC00196989,42.735,-72.8692,528.8,7/14/18,0,0,0
USC00196989,42.735,-72.8692,528.8,7/15/18,0,0,0
USC00196989,42.735,-72.8692,528.8,7/16/18,0,0,0
USC00196989,42.735,-72.8692,528.8,7/17/18,0.14,0,0
USC00196989,42.735,-72.8692,528.8,7/18/18,2.1,0,0
USC00196989,42.735,-72.8692,528.8,7/19/18,0,0,0
USC00196989,42.735,-72.8692,528.8,7/20/18,0,0,0
USC00196989,42.735,-72.8692,528.8,7/21/18,0,0,0
USC00196989,42.735,-72.8692,528.8,7/22/18,0.23,0,0
USC00196989,42.735,-72.8692,528.8,7/23/18,1.49,0,0
USC00196989,42.735,-72.8692,528.8,7/24/18,1.66,0,0
USC00196989,42.735,-72.8692,528.8,7/25/18,0.16,0,0
USC00196989,42.735,-72.8692,528.8,7/26/18,2.91,0,0
USC00196989,42.735,-72.8692,528.8,7/27/18,0.16,0,0
USC00196989,42.735,-72.8692,528.8,7/28/18,0.19,0,0
USC00196989,42.735,-72.8692,528.8,7/29/18,0.17,0,0
USC00196989,42.735,-72.8692,528.8,7/30/18,0.02,0,0
USC00196989,42.735,-72.8692,528.8,7/31/18,0,0,0
USC00196989,42.735,-72.8692,528.8,8/1/18,0,0,0
USC00196989,42.735,-72.8692,528.8,8/2/18,1.51,0,0
USC00196989,42.735,-72.8692,528.8,8/3/18,0.13,0,0
USC00196989,42.735,-72.8692,528.8,8/4/18,0.63,0,0
USC00196989,42.735,-72.8692,528.8,8/6/18,,0,0
USC00196989,42.735,-72.8692,528.8,8/7/18,0,0,0
USC00196989,42.735,-72.8692,528.8,8/8/18,0.06,0,0
USC00196989,42.735,-72.8692,528.8,8/9/18,0.05,0,0
USC00196989,42.735,-72.8692,528.8,8/10/18,0,0,0
USC00196989,42.735,-72.8692,528.8,8/11/18,0.15,0,0
USC00196989,42.735,-72.8692,528.8,8/12/18,1.02,0,0
USC00196989,42.735,-72.8692,528.8,8/13/18,0.06,0,0
USC00196989,42.735,-72.8692,528.8,8/14/18,1.02,0,0
USC00196989,42.735,-72.8692,528.8,8/15/18,0.49,0,0
USC00196989,42.735,-72.8692,528.8,8/16/18,0.01,0,0
USC00196989,42.735,-72.8692,528.8,8/17/18,0.01,0,0
USC00196989,42.735,-72.8692,528.8,8/18/18,0.69,0,0
USC00196989,42.735,-72.8692,528.8,8/19/18,0.14,0,0
USC00196989,42.735,-72.8692,528.8,8/20/18,0,0,0
USC00196989,42.735,-72.8692,528.8,8/21/18,0,0,0
USC00196989,42.735,-72.8692,528.8,8/22/18,0.64,0,0
USC00196989,42.735,-72.8692,528.8,8/23/18,0.1,0,0
USC00196989,42.735,-72.8692,528.8,8/24/18,0,0,0
USC00196989,42.735,-72.8692,528.8,8/25/18,0,0,0
USC00196989,42.735,-72.8692,528.8,8/26/18,0,0,0
USC00196989,42.735,-72.8692,528.8,8/27/18,0,0,0
USC00196989,42.735,-72.8692,528.8,8/28/18,0.03,0,0
USC00196989,42.735,-72.8692,528.8,8/29/18,0,0,0
USC00196989,42.735,-72.8692,528.8,8/30/18,0,0,0
USC00196989,42.735,-72.8692,528.8,8/31/18,0.02,0,0
USC00196989,42.735,-72.8692,528.8,9/1/18,0,0,0
USC00196989,42.735,-72.8692,528.8,9/2/18,0,0,0
USC00196989,42.735,-72.8692,528.8,9/3/18,0,0,0
USC00196989,42.735,-72.8692,528.8,9/4/18,0.31,0,0
USC00196989,42.735,-72.8692,528.8,9/5/18,0,0,0
USC00196989,42.735,-72.8692,528.8,9/6/18,0,0,0
USC00196989,42.735,-72.8692,528.8,9/7/18,0.09,0,0
USC00196989,42.735,-72.8692,528.8,9/8/18,0,0,0
USC00196989,42.735,-72.8692,528.8,9/9/18,0,0,0
USC00196989,42.735,-72.8692,528.8,9/10/18,0,0,0
USC00196989,42.735,-72.8692,528.8,9/11/18,2.36,0,0
USC00196989,42.735,-72.8692,528.8,9/12/18,0.02,0,0
USC00196989,42.735,-72.8692,528.8,9/13/18,0.9,0,0
USC00196989,42.735,-72.8692,528.8,9/14/18,0.02,0,0
USC00196989,42.735,-72.8692,528.8,9/15/18,0,0,0
USC00196989,42.735,-72.8692,528.8,9/16/18,0,0,0
USC00196989,42.735,-72.8692,528.8,9/17/18,0,0,0
USC00196989,42.735,-72.8692,528.8,9/18/18,2.48,0,0
USC00196989,42.735,-72.8692,528.8,9/19/18,0.38,0,0
USC00196989,42.735,-72.8692,528.8,9/20/18,0.02,0,0
USC00196989,42.735,-72.8692,528.8,9/21/18,0.08,0,0
USC00196989,42.735,-72.8692,528.8,9/22/18,0.22,0,0
USC00196989,42.735,-72.8692,528.8,9/23/18,0,0,0
USC00196989,42.735,-72.8692,528.8,9/24/18,0,0,0
USC00196989,42.735,-72.8692,528.8,9/25/18,0.02,0,0
USC00196989,42.735,-72.8692,528.8,9/26/18,1.84,0,0
USC00196989,42.735,-72.8692,528.8,9/27/18,0.15,0,0
USC00196989,42.735,-72.8692,528.8,9/28/18,0.17,0,0
USC00196989,42.735,-72.8692,528.8,9/29/18,0.19,0,0
USC00196989,42.735,-72.8692,528.8,9/30/18,0,0,0
USC00196989,42.735,-72.8692,528.8,10/1/18,0,0,0
USC00196989,42.735,-72.8692,528.8,10/2/18,0.14,0,0
USC00196989,42.735,-72.8692,528.8,10/3/18,1.07,0,0
USC00196989,42.735,-72.8692,528.8,10/4/18,0,0,0
USC00196989,42.735,-72.8692,528.8,10/5/18,0.03,0,0
USC00196989,42.735,-72.8692,528.8,10/6/18,0,0,0
USC00196989,42.735,-72.8692,528.8,10/7/18,0.03,0,0
USC00196989,42.735,-72.8692,528.8,10/8/18,0.03,0,0
USC00196989,42.735,-72.8692,528.8,10/9/18,0.07,0,0
USC00196989,42.735,-72.8692,528.8,10/10/18,0,0,0
USC00196989,42.735,-72.8692,528.8,10/11/18,0.12,0,0
USC00196989,42.735,-72.8692,528.8,10/12/18,0.83,0,0
USC00196989,42.735,-72.8692,528.8,10/13/18,0.02,0,0
USC00196989,42.735,-72.8692,528.8,10/14/18,0.08,0,0
USC00196989,42.735,-72.8692,528.8,10/15/18,0,0,0
USC00196989,42.735,-72.8692,528.8,10/16/18,0.48,0,0
USC00196989,42.735,-72.8692,528.8,10/17/18,0,0,0
USC00196989,42.735,-72.8692,528.8,10/18/18,0.09,0,0
USC00196989,42.735,-72.8692,528.8,10/19/18,0,0,0
USC00196989,42.735,-72.8692,528.8,10/20/18,0.01,0,0
USC00196989,42.735,-72.8692,528.8,10/21/18,0.01,0,0
USC00196989,42.735,-72.8692,528.8,10/22/18,0,0,0
USC00196989,42.735,-72.8692,528.8,10/23/18,0,0,0
USC00196989,42.735,-72.8692,528.8,10/24/18,0.12,0,0
USC00196989,42.735,-72.8692,528.8,10/25/18,0,0,0
USC00196989,42.735,-72.8692,528.8,10/26/18,0,0,0
USC00196989,42.735,-72.8692,528.8,10/27/18,0.03,0.2,0
USC00196989,42.735,-72.8692,528.8,10/28/18,0.96,0.1,0
USC00196989,42.735,-72.8692,528.8,10/29/18,0.05,0,0
USC00196989,42.735,-72.8692,528.8,10/30/18,0.36,0,0
USC00196989,42.735,-72.8692,528.8,10/31/18,0,0,0
USC00196989,42.735,-72.8692,528.8,11/1/18,0,0,0
USC00196989,42.735,-72.8692,528.8,11/2/18,0.8,0,0
USC00196989,42.735,-72.8692,528.8,11/3/18,2.24,0,0
USC00196989,42.735,-72.8692,528.8,11/4/18,0.37,0,0
USC00196989,42.735,-72.8692,528.8,11/5/18,0,0,0
USC00196989,42.735,-72.8692,528.8,11/6/18,0.43,0,0
USC00196989,42.735,-72.8692,528.8,11/7/18,0.8,0,0
USC00196989,42.735,-72.8692,528.8,11/8/18,0,0,0
USC00196989,42.735,-72.8692,528.8,11/9/18,0,0,0
USC00196989,42.735,-72.8692,528.8,11/10/18,0.87,1.2,0
USC00196989,42.735,-72.8692,528.8,11/11/18,0,0,0
USC00196989,42.735,-72.8692,528.8,11/12/18,0,0,0
USC00196989,42.735,-72.8692,528.8,11/13/18,0.56,0.6,1
USC00196989,42.735,-72.8692,528.8,11/14/18,0,0,0
USC00196989,42.735,-72.8692,528.8,11/15/18,0,0,0
USC00196989,42.735,-72.8692,528.8,11/16/18,1.06,5,5
USC00196989,42.735,-72.8692,528.8,11/17/18,0.12,1.2,5
USC00196989,42.735,-72.8692,528.8,11/18/18,0,0,5
USC00196989,42.735,-72.8692,528.8,11/19/18,0.15,1.6,6
USC00196989,42.735,-72.8692,528.8,11/20/18,0.18,1.6,7
USC00196989,42.735,-72.8692,528.8,11/21/18,0.15,0.8,6
USC00196989,42.735,-72.8692,528.8,11/22/18,0.04,0.4,6
USC00196989,42.735,-72.8692,528.8,11/23/18,0,0,6
USC00196989,42.735,-72.8692,528.8,11/24/18,0,0,6
USC00196989,42.735,-72.8692,528.8,11/25/18,0.12,0,4
USC00196989,42.735,-72.8692,528.8,11/26/18,0,0,2
USC00196989,42.735,-72.8692,528.8,11/27/18,1.44,9.8,12
USC00196989,42.735,-72.8692,528.8,11/28/18,0.24,2.6,12
USC00196989,42.735,-72.8692,528.8,11/29/18,0.06,1.3,12
USC00196989,42.735,-72.8692,528.8,11/30/18,0.04,0.4,12
USC00196989,42.735,-72.8692,528.8,12/1/18,0,0,11
USC00196989,42.735,-72.8692,528.8,12/2/18,0.55,0.1,8
USC00196989,42.735,-72.8692,528.8,12/3/18,0.33,0,8
USC00196989,42.735,-72.8692,528.8,12/4/18,0.02,0.1,8
USC00196989,42.735,-72.8692,528.8,12/5/18,0,0,8
USC00196989,42.735,-72.8692,528.8,12/6/18,0,0,8
USC00196989,42.735,-72.8692,528.8,12/7/18,0.06,1.6,9
USC00196989,42.735,-72.8692,528.8,12/8/18,0,0.1,10
USC00196989,42.735,-72.8692,528.8,12/9/18,0.02,0.4,10
USC00196989,42.735,-72.8692,528.8,12/10/18,0,0,10
USC00196989,42.735,-72.8692,528.8,12/11/18,0,0,10
USC00196989,42.735,-72.8692,528.8,12/12/18,0,0,10
USC00196989,42.735,-72.8692,528.8,12/13/18,0,0,10
USC00196989,42.735,-72.8692,528.8,12/14/18,0.03,0.3,10
USC00196989,42.735,-72.8692,528.8,12/15/18,0,0,8
USC00196989,42.735,-72.8692,528.8,12/16/18,0,0,6
USC00196989,42.735,-72.8692,528.8,12/17/18,0.31,0.5,6
USC00196989,42.735,-72.8692,528.8,12/18/18,0.07,1.1,7
USC00196989,42.735,-72.8692,528.8,12/19/18,0,0,7
USC00196989,42.735,-72.8692,528.8,12/20/18,0,0,7
USC00196989,42.735,-72.8692,528.8,12/21/18,0.74,0,6
USC00196989,42.735,-72.8692,528.8,12/22/18,1.66,0,1
USC00196989,42.735,-72.8692,528.8,12/23/18,0.02,0,1
USC00196989,42.735,-72.8692,528.8,12/24/18,0,0.1,1
USC00196989,42.735,-72.8692,528.8,12/25/18,0.1,2.4,3
USC00196989,42.735,-72.8692,528.8,12/26/18,0,0,3
USC00196989,42.735,-72.8692,528.8,12/27/18,0.02,0.2,3
USC00196989,42.735,-72.8692,528.8,12/28/18,0.42,0,3
USC00196989,42.735,-72.8692,528.8,12/29/18,0.27,0,2
USC00196989,42.735,-72.8692,528.8,12/30/18,0,0,2
USC00196989,42.735,-72.8692,528.8,12/31/18,0.02,0.2,2
USC00196989,42.735,-72.8692,528.8,1/1/19,1.09,0.3,2
USC00196989,42.735,-72.8692,528.8,1/2/19,0.03,0,2
USC00196989,42.735,-72.8692,528.8,1/3/19,0.13,1.2,3
USC00196989,42.735,-72.8692,528.8,1/4/19,0.02,0.1,3
USC00196989,42.735,-72.8692,528.8,1/5/19,0.04,0,2
USC00196989,42.735,-72.8692,528.8,1/6/19,0.43,0,2
USC00196989,42.735,-72.8692,528.8,1/7/19,0.02,0.2,2
USC00196989,42.735,-72.8692,528.8,1/8/19,0.21,1,3
USC00196989,42.735,-72.8692,528.8,1/9/19,0.38,0.6,3
USC00196989,42.735,-72.8692,528.8,1/10/19,0.13,0.7,4
USC00196989,42.735,-72.8692,528.8,1/11/19,0.02,0.5,4
USC00196989,42.735,-72.8692,528.8,1/12/19,0,0,4
USC00196989,42.735,-72.8692,528.8,1/13/19,0,0,4
USC00196989,42.735,-72.8692,528.8,1/14/19,0,0,4
USC00196989,42.735,-72.8692,528.8,1/15/19,0,0,4
USC00196989,42.735,-72.8692,528.8,1/16/19,0,0,4
USC00196989,42.735,-72.8692,528.8,1/17/19,0.02,0.2,4
USC00196989,42.735,-72.8692,528.8,1/18/19,0.01,0.1,4
USC00196989,42.735,-72.8692,528.8,1/19/19,0.01,0.1,4
USC00196989,42.735,-72.8692,528.8,1/20/19,0.98,9.8,13
USC00196989,42.735,-72.8692,528.8,1/21/19,0.37,1.1,14
USC00196989,42.735,-72.8692,528.8,1/22/19,0,0,14
USC00196989,42.735,-72.8692,528.8,1/23/19,0,0,14
USC00196989,42.735,-72.8692,528.8,1/24/19,0.65,0,10
USC00196989,42.735,-72.8692,528.8,1/25/19,1.34,0.1,7
USC00196989,42.735,-72.8692,528.8,1/26/19,0.02,0.1,7
USC00196989,42.735,-72.8692,528.8,1/27/19,0,0,7
USC00196989,42.735,-72.8692,528.8,1/28/19,0.07,0.9,8
USC00196989,42.735,-72.8692,528.8,1/29/19,0,0,7
USC00196989,42.735,-72.8692,528.8,1/30/19,0.4,4.4,11
USC00196989,42.735,-72.8692,528.8,1/31/19,0.05,0.8,11
USC00196989,42.735,-72.8692,528.8,2/1/19,0,0,10
USC00196989,42.735,-72.8692,528.8,2/2/19,0,0,10
USC00196989,42.735,-72.8692,528.8,2/3/19,0,0,10
USC00196989,42.735,-72.8692,528.8,2/4/19,0,0,9
USC00196989,42.735,-72.8692,528.8,2/5/19,0,0,7
USC00196989,42.735,-72.8692,528.8,2/6/19,0,0,5
USC00196989,42.735,-72.8692,528.8,2/7/19,0.65,0,5
USC00196989,42.735,-72.8692,528.8,2/8/19,0.42,0,5
USC00196989,42.735,-72.8692,528.8,2/9/19,0.24,0.1,4
USC00196989,42.735,-72.8692,528.8,2/10/19,0,0,4
USC00196989,42.735,-72.8692,528.8,2/11/19,0,0,4
USC00196989,42.735,-72.8692,528.8,2/12/19,0,0,4
USC00196989,42.735,-72.8692,528.8,2/13/19,1.19,5.4,9
USC00196989,42.735,-72.8692,528.8,2/14/19,0.8,1.3,10
USC00196989,42.735,-72.8692,528.8,2/15/19,0.04,0.6,10
USC00196989,42.735,-72.8692,528.8,2/16/19,0.02,0.3,10
USC00196989,42.735,-72.8692,528.8,2/17/19,0,0,10
USC00196989,42.735,-72.8692,528.8,2/18/19,0.06,0.8,9
USC00196989,42.735,-72.8692,528.8,2/19/19,0.1,1.2,10
USC00196989,42.735,-72.8692,528.8,2/20/19,0,0,10
USC00196989,42.735,-72.8692,528.8,2/21/19,0.43,1.4,11
USC00196989,42.735,-72.8692,528.8,2/22/19,0,0,10
USC00196989,42.735,-72.8692,528.8,2/23/19,0,0,10
USC00196989,42.735,-72.8692,528.8,2/24/19,0.22,0,10
USC00196989,42.735,-72.8692,528.8,2/25/19,0.43,1,11
USC00196989,42.735,-72.8692,528.8,2/26/19,0.09,1,12
USC00196989,42.735,-72.8692,528.8,2/27/19,0,0,12
USC00196989,42.735,-72.8692,528.8,2/28/19,0.22,3.9,15
USC00196989,42.735,-72.8692,528.8,3/1/19,0,0,13
USC00196989,42.735,-72.8692,528.8,3/2/19,0,0,12
USC00196989,42.735,-72.8692,528.8,3/3/19,0.02,0.5,12
USC00196989,42.735,-72.8692,528.8,3/4/19,0.37,5.2,17
USC00196989,42.735,-72.8692,528.8,3/5/19,0,0.1,14
USC00196989,42.735,-72.8692,528.8,3/6/19,0.01,0.2,14
USC00196989,42.735,-72.8692,528.8,3/7/19,0,0.1,14
USC00196989,42.735,-72.8692,528.8,3/8/19,0,0.1,14
USC00196989,42.735,-72.8692,528.8,3/9/19,0,0,14
USC00196989,42.735,-72.8692,528.8,3/10/19,0.07,0.6,13
USC00196989,42.735,-72.8692,528.8,3/11/19,0.33,2.1,15
USC00196989,42.735,-72.8692,528.8,3/12/19,0.01,0.3,14
USC00196989,42.735,-72.8692,528.8,3/13/19,0.01,0.2,14
USC00196989,42.735,-72.8692,528.8,3/14/19,0,0,14
USC00196989,42.735,-72.8692,528.8,3/15/19,0.01,0,12
USC00196989,42.735,-72.8692,528.8,3/16/19,0,0,9
USC00196989,42.735,-72.8692,528.8,3/17/19,0.01,0.1,9
USC00196989,42.735,-72.8692,528.8,3/18/19,0,0.1,9
USC00196989,42.735,-72.8692,528.8,3/19/19,0.01,0.2,9
USC00196989,42.735,-72.8692,528.8,3/20/19,0,0,9
USC00196989,42.735,-72.8692,528.8,3/21/19,0,0,9
USC00196989,42.735,-72.8692,528.8,3/22/19,0.31,1.6,10
USC00196989,42.735,-72.8692,528.8,3/23/19,0.28,0.8,11
USC00196989,42.735,-72.8692,528.8,3/24/19,0,0,11
USC00196989,42.735,-72.8692,528.8,3/25/19,0,0,9
USC00196989,42.735,-72.8692,528.8,3/26/19,0,0,9
USC00196989,42.735,-72.8692,528.8,3/27/19,0,0,9
USC00196989,42.735,-72.8692,528.8,3/28/19,0,0,9
USC00196989,42.735,-72.8692,528.8,3/29/19,0,0,7
USC00196989,42.735,-72.8692,528.8,3/30/19,0.08,0,6
USC00196989,42.735,-72.8692,528.8,3/31/19,0,0,3
USC00196989,42.735,-72.8692,528.8,4/1/19,0.31,2.2,6
USC00196989,42.735,-72.8692,528.8,4/2/19,0.02,0.2,4
USC00196989,42.735,-72.8692,528.8,4/3/19,0,0,3
USC00196989,42.735,-72.8692,528.8,4/4/19,0,0,1
USC00196989,42.735,-72.8692,528.8,4/5/19,0,0,0
USC00196989,42.735,-72.8692,528.8,4/6/19,0.38,2.1,1
USC00196989,42.735,-72.8692,528.8,4/7/19,0.01,0,0
USC00196989,42.735,-72.8692,528.8,4/8/19,0.17,0,0
USC00196989,42.735,-72.8692,528.8,4/9/19,0.23,0,0
USC00196989,42.735,-72.8692,528.8,4/10/19,0.39,0.2,0
USC00196989,42.735,-72.8692,528.8,4/11/19,0,0,0
USC00196989,42.735,-72.8692,528.8,4/12/19,0,0,0
USC00196989,42.735,-72.8692,528.8,4/13/19,0.32,0,0
USC00196989,42.735,-72.8692,528.8,4/14/19,0,0,0
USC00196989,42.735,-72.8692,528.8,4/15/19,0.72,0,0
USC00196989,42.735,-72.8692,528.8,4/16/19,0.11,0.1,0
USC00196989,42.735,-72.8692,528.8,4/17/19,0,0,0
USC00196989,42.735,-72.8692,528.8,4/18/19,0.08,0.1,0
USC00196989,42.735,-72.8692,528.8,4/19/19,0.08,0,0
USC00196989,42.735,-72.8692,528.8,4/20/19,0.16,0,0
USC00196989,42.735,-72.8692,528.8,4/21/19,0.58,0,0
USC00196989,42.735,-72.8692,528.8,4/22/19,0.02,0,0
USC00196989,42.735,-72.8692,528.8,4/23/19,0.63,0,0
USC00196989,42.735,-72.8692,528.8,4/24/19,0.21,0,0
USC00196989,42.735,-72.8692,528.8,4/25/19,0,0,0
USC00196989,42.735,-72.8692,528.8,4/26/19,0.14,0,0
USC00196989,42.735,-72.8692,528.8,4/27/19,1.41,0,0
USC00196989,42.735,-72.8692,528.8,4/28/19,0.07,0,0
USC00196989,42.735,-72.8692,528.8,4/29/19,0.02,0,0
USC00196989,42.735,-72.8692,528.8,4/30/19,0.14,0,0
USC00196989,42.735,-72.8692,528.8,5/1/19,0,0,0
USC00196989,42.735,-72.8692,528.8,5/2/19,0.02,0,0
USC00196989,42.735,-72.8692,528.8,5/3/19,0.23,0,0
USC00196989,42.735,-72.8692,528.8,5/4/19,0.32,0,0
USC00196989,42.735,-72.8692,528.8,5/5/19,0.04,0,0
USC00196989,42.735,-72.8692,528.8,5/6/19,0.09,0,0
USC00196989,42.735,-72.8692,528.8,5/7/19,0,0,0
USC00196989,42.735,-72.8692,528.8,5/8/19,0.09,0,0
USC00196989,42.735,-72.8692,528.8,5/9/19,0,0,0
USC00196989,42.735,-72.8692,528.8,5/10/19,0,0,0
USC00196989,42.735,-72.8692,528.8,5/11/19,0.23,0,0
USC00196989,42.735,-72.8692,528.8,5/12/19,0.03,0,0
USC00196989,42.735,-72.8692,528.8,5/13/19,0.3,0,0
USC00196989,42.735,-72.8692,528.8,5/14/19,0.57,0.7,1
USC00196989,42.735,-72.8692,528.8,5/15/19,0.04,0,0
USC00196989,42.735,-72.8692,528.8,5/16/19,0.03,0,0
USC00196989,42.735,-72.8692,528.8,5/17/19,0.02,0,0
USC00196989,42.735,-72.8692,528.8,5/18/19,0.15,0,0
USC00196989,42.735,-72.8692,528.8,5/19/19,0,0,0
USC00196989,42.735,-72.8692,528.8,5/20/19,0.3,0,0
USC00196989,42.735,-72.8692,528.8,5/21/19,0.06,0,0
USC00196989,42.735,-72.8692,528.8,5/22/19,0,0,0
USC00196989,42.735,-72.8692,528.8,5/23/19,0,0,0
USC00196989,42.735,-72.8692,528.8,5/24/19,0.35,0,0
USC00196989,42.735,-72.8692,528.8,5/25/19,0.02,0,0
USC00196989,42.735,-72.8692,528.8,5/26/19,0.18,0,0
USC00196989,42.735,-72.8692,528.8,5/27/19,0,0,0
USC00196989,42.735,-72.8692,528.8,5/28/19,0.02,0,0
USC00196989,42.735,-72.8692,528.8,5/29/19,0.64,0,0
USC00196989,42.735,-72.8692,528.8,5/30/19,0.07,0,0
USC00196989,42.735,-72.8692,528.8,5/31/19,0.1,0,0
USC00196989,42.735,-72.8692,528.8,6/1/19,0,0,0
USC00196989,42.735,-72.8692,528.8,6/2/19,0,0,0
USC00196989,42.735,-72.8692,528.8,6/3/19,0.57,0,0
USC00196989,42.735,-72.8692,528.8,6/4/19,0,0,0
USC00196989,42.735,-72.8692,528.8,6/5/19,0.01,0,0
USC00196989,42.735,-72.8692,528.8,6/6/19,1.14,0,0
USC00196989,42.735,-72.8692,528.8,6/7/19,0,0,0
USC00196989,42.735,-72.8692,528.8,6/8/19,0,0,0
USC00196989,42.735,-72.8692,528.8,6/9/19,0,0,0
USC00196989,42.735,-72.8692,528.8,6/10/19,0,0,0
USC00196989,42.735,-72.8692,528.8,6/11/19,1.15,0,0
USC00196989,42.735,-72.8692,528.8,6/12/19,0,0,0
USC00196989,42.735,-72.8692,528.8,6/13/19,0,0,0
USC00196989,42.735,-72.8692,528.8,6/14/19,0.17,0,0
USC00196989,42.735,-72.8692,528.8,6/15/19,0.03,0,0
USC00196989,42.735,-72.8692,528.8,6/16/19,0.08,0,0
USC00196989,42.735,-72.8692,528.8,6/17/19,0.93,0,0
USC00196989,42.735,-72.8692,528.8,6/18/19,0,0,0
USC00196989,42.735,-72.8692,528.8,6/19/19,0.07,0,0
USC00196989,42.735,-72.8692,528.8,6/20/19,0.35,0,0
USC00196989,42.735,-72.8692,528.8,6/21/19,0.05,0,0
USC00196989,42.735,-72.8692,528.8,6/22/19,0.04,0,0
USC00196989,42.735,-72.8692,528.8,6/23/19,0,0,0
USC00196989,42.735,-72.8692,528.8,6/24/19,0,0,0
USC00196989,42.735,-72.8692,528.8,6/25/19,0,0,0
USC00196989,42.735,-72.8692,528.8,6/26/19,1.09,0,0
USC00196989,42.735,-72.8692,528.8,6/27/19,0.31,0,0
USC00196989,42.735,-72.8692,528.8,6/28/19,0,0,0
USC00196989,42.735,-72.8692,528.8,6/29/19,0.03,0,0
USC00196989,42.735,-72.8692,528.8,6/30/19,0,0,0
USC00196989,42.735,-72.8692,528.8,7/1/19,0.11,0,0
USC00196989,42.735,-72.8692,528.8,7/2/19,0,0,0
USC00196989,42.735,-72.8692,528.8,7/3/19,0,0,0
USC00196989,42.735,-72.8692,528.8,7/4/19,0,0,0
USC00196989,42.735,-72.8692,528.8,7/5/19,0,0,0
USC00196989,42.735,-72.8692,528.8,7/6/19,0,0,0
USC00196989,42.735,-72.8692,528.8,7/7/19,0.28,0,0
USC00196989,42.735,-72.8692,528.8,7/8/19,0,0,0
USC00196989,42.735,-72.8692,528.8,7/9/19,0,0,0
USC00196989,42.735,-72.8692,528.8,7/10/19,0,0,0
USC00196989,42.735,-72.8692,528.8,7/11/19,0,0,0
USC00196989,42.735,-72.8692,528.8,7/12/19,0.02,0,0
USC00196989,42.735,-72.8692,528.8,7/13/19,0,0,0
USC00196989,42.735,-72.8692,528.8,7/14/19,0,0,0
USC00196989,42.735,-72.8692,528.8,7/15/19,0,0,0
USC00196989,42.735,-72.8692,528.8,7/16/19,0,0,0
USC00196989,42.735,-72.8692,528.8,7/17/19,0,0,0
USC00196989,42.735,-72.8692,528.8,7/18/19,0.78,0,0
USC00196989,42.735,-72.8692,528.8,7/19/19,0.03,0,0
USC00196989,42.735,-72.8692,528.8,7/20/19,0,0,0
USC00196989,42.735,-72.8692,528.8,7/21/19,0.07,0,0
USC00196989,42.735,-72.8692,528.8,7/22/19,0,0,0
USC00196989,42.735,-72.8692,528.8,7/23/19,2.19,0,0
USC00196989,42.735,-72.8692,528.8,7/24/19,0.16,0,0
USC00196989,42.735,-72.8692,528.8,7/25/19,0,0,0
USC00196989,42.735,-72.8692,528.8,7/26/19,0,0,0
USC00196989,42.735,-72.8692,528.8,7/27/19,0,0,0
USC00196989,42.735,-72.8692,528.8,7/28/19,0,0,0
USC00196989,42.735,-72.8692,528.8,7/29/19,0.21,0,0
USC00196989,42.735,-72.8692,528.8,7/30/19,0,0,0
USC00196989,42.735,-72.8692,528.8,7/31/19,0,0,0
USC00196989,42.735,-72.8692,528.8,8/1/19,0.02,0,0
USC00196989,42.735,-72.8692,528.8,8/2/19,0,0,0
USC00196989,42.735,-72.8692,528.8,8/3/19,,0,0
USC00196989,42.735,-72.8692,528.8,8/4/19,,0,0
USC00196989,42.735,-72.8692,528.8,8/5/19,0,0,0
USC00196989,42.735,-72.8692,528.8,8/6/19,0,0,0
USC00196989,42.735,-72.8692,528.8,8/7/19,0.12,0,0
USC00196989,42.735,-72.8692,528.8,8/8/19,0.89,0,0
USC00196989,42.735,-72.8692,528.8,8/9/19,0.21,0,0
USC00196989,42.735,-72.8692,528.8,8/10/19,0,0,0
USC00196989,42.735,-72.8692,528.8,8/11/19,0,0,0
USC00196989,42.735,-72.8692,528.8,8/12/19,0,0,0
USC00196989,42.735,-72.8692,528.8,8/13/19,0,0,0
USC00196989,42.735,-72.8692,528.8,8/14/19,0.13,0,0
USC00196989,42.735,-72.8692,528.8,8/15/19,0,0,0
USC00196989,42.735,-72.8692,528.8,8/16/19,0.19,0,0
USC00196989,42.735,-72.8692,528.8,8/17/19,0,0,0
USC00196989,42.735,-72.8692,528.8,8/18/19,0.54,0,0
USC00196989,42.735,-72.8692,528.8,8/19/19,0.73,0,0
USC00196989,42.735,-72.8692,528.8,8/20/19,0,0,0
USC00196989,42.735,-72.8692,528.8,8/21/19,0.05,0,0
USC00196989,42.735,-72.8692,528.8,8/22/19,0.22,0,0
USC00196989,42.735,-72.8692,528.8,8/23/19,0,0,0
USC00196989,42.735,-72.8692,528.8,8/24/19,0,0,0
USC00196989,42.735,-72.8692,528.8,8/25/19,0.04,0,0
USC00196989,42.735,-72.8692,528.8,8/26/19,0,0,0
USC00196989,42.735,-72.8692,528.8,8/27/19,0,0,0
USC00196989,42.735,-72.8692,528.8,8/28/19,0,0,0
USC00196989,42.735,-72.8692,528.8,8/29/19,0.72,0,0
USC00196989,42.735,-72.8692,528.8,8/30/19,0,0,0
USC00196989,42.735,-72.8692,528.8,8/31/19,0,0,0
USC00196989,42.735,-72.8692,528.8,9/1/19,0,0,0
USC00196989,42.735,-72.8692,528.8,9/2/19,0,0,0
USC00196989,42.735,-72.8692,528.8,9/3/19,1.18,0,0
USC00196989,42.735,-72.8692,528.8,9/4/19,0,0,0
USC00196989,42.735,-72.8692,528.8,9/5/19,0.37,0,0
USC00196989,42.735,-72.8692,528.8,9/6/19,0,0,0
USC00196989,42.735,-72.8692,528.8,9/7/19,0.63,0,0
USC00196989,42.735,-72.8692,528.8,9/8/19,0,0,0
USC00196989,42.735,-72.8692,528.8,9/9/19,0,0,0
USC00196989,42.735,-72.8692,528.8,9/10/19,0,0,0
USC00196989,42.735,-72.8692,528.8,9/11/19,0,0,0
USC00196989,42.735,-72.8692,528.8,9/12/19,0.02,0,0
USC00196989,42.735,-72.8692,528.8,9/13/19,0.05,0,0
USC00196989,42.735,-72.8692,528.8,9/14/19,0,0,0
USC00196989,42.735,-72.8692,528.8,9/15/19,0.14,0,0
USC00196989,42.735,-72.8692,528.8,9/16/19,0,0,0
USC00196989,42.735,-72.8692,528.8,9/17/19,0,0,0
USC00196989,42.735,-72.8692,528.8,9/18/19,0,0,0
USC00196989,42.735,-72.8692,528.8,9/19/19,0,0,0
USC00196989,42.735,-72.8692,528.8,9/20/19,0,0,0
USC00196989,42.735,-72.8692,528.8,9/21/19,0,0,0
USC00196989,42.735,-72.8692,528.8,9/22/19,0,0,0
USC00196989,42.735,-72.8692,528.8,9/23/19,0,0,0
USC00196989,42.735,-72.8692,528.8,9/24/19,0.05,0,0
USC00196989,42.735,-72.8692,528.8,9/25/19,0.08,0,0
USC00196989,42.735,-72.8692,528.8,9/26/19,0,0,0
USC00196989,42.735,-72.8692,528.8,9/27/19,0.17,0,0
USC00196989,42.735,-72.8692,528.8,9/28/19,0,0,0
USC00196989,42.735,-72.8692,528.8,9/29/19,0,0,0
USC00196989,42.735,-72.8692,528.8,9/30/19,0,0,0
USC00196989,42.735,-72.8692,528.8,10/1/19,0.08,0,0
USC00196989,42.735,-72.8692,528.8,10/2/19,0.03,0,0
USC00196989,42.735,-72.8692,528.8,10/3/19,0.15,0,0
USC00196989,42.735,-72.8692,528.8,10/4/19,0.43,0,0
USC00196989,42.735,-72.8692,528.8,10/5/19,0,0,0
USC00196989,42.735,-72.8692,528.8,10/6/19,0,0,0
USC00196989,42.735,-72.8692,528.8,10/7/19,0.09,0,0
USC00196989,42.735,-72.8692,528.8,10/8/19,0.48,0,0
USC00196989,42.735,-72.8692,528.8,10/9/19,0,0,0
USC00196989,42.735,-72.8692,528.8,10/10/19,0.03,0,0
USC00196989,42.735,-72.8692,528.8,10/11/19,0,0,0
USC00196989,42.735,-72.8692,528.8,10/12/19,0,0,0
USC00196989,42.735,-72.8692,528.8,10/13/19,0,0,0
USC00196989,42.735,-72.8692,528.8,10/14/19,0,0,0
USC00196989,42.735,-72.8692,528.8,10/15/19,0,0,0
USC00196989,42.735,-72.8692,528.8,10/16/19,0,0,0
USC00196989,42.735,-72.8692,528.8,10/17/19,2.95,0,0
USC00196989,42.735,-72.8692,528.8,10/18/19,0.16,0,0
USC00196989,42.735,-72.8692,528.8,10/19/19,0,0,0
USC00196989,42.735,-72.8692,528.8,10/20/19,0,0,0
USC00196989,42.735,-72.8692,528.8,10/21/19,0.06,0,0
USC00196989,42.735,-72.8692,528.8,10/22/19,0,0,0
USC00196989,42.735,-72.8692,528.8,10/23/19,0.98,0,0
USC00196989,42.735,-72.8692,528.8,10/24/19,0,0,0
USC00196989,42.735,-72.8692,528.8,10/25/19,0,0,0
USC00196989,42.735,-72.8692,528.8,10/26/19,0.07,0,0
USC00196989,42.735,-72.8692,528.8,10/27/19,0.12,0,0
USC00196989,42.735,-72.8692,528.8,10/28/19,1.34,0,0
USC00196989,42.735,-72.8692,528.8,10/29/19,0.05,0,0
USC00196989,42.735,-72.8692,528.8,10/30/19,0.13,0,0
USC00196989,42.735,-72.8692,528.8,10/31/19,0.21,0,0
USC00196989,42.735,-72.8692,528.8,11/1/19,1.47,0,0
USC00196989,42.735,-72.8692,528.8,11/2/19,0,0,0
USC00196989,42.735,-72.8692,528.8,11/3/19,0,0,0
USC00196989,42.735,-72.8692,528.8,11/4/19,0,0,0
USC00196989,42.735,-72.8692,528.8,11/5/19,0,0,0
USC00196989,42.735,-72.8692,528.8,11/6/19,0,0,0
USC00196989,42.735,-72.8692,528.8,11/7/19,0,0,0
USC00196989,42.735,-72.8692,528.8,11/8/19,0.29,0.1,0
USC00196989,42.735,-72.8692,528.8,11/9/19,0.02,0.1,0
USC00196989,42.735,-72.8692,528.8,11/10/19,0,0,0
USC00196989,42.735,-72.8692,528.8,11/11/19,0,0,0
USC00196989,42.735,-72.8692,528.8,11/12/19,0,0,0
USC00196989,42.735,-72.8692,528.8,11/13/19,0.03,0.3,0
USC00196989,42.735,-72.8692,528.8,11/14/19,0,0,0
USC00196989,42.735,-72.8692,528.8,11/15/19,0,0,0
USC00196989,42.735,-72.8692,528.8,11/16/19,0,0,0
USC00196989,42.735,-72.8692,528.8,11/17/19,0,0,0
USC00196989,42.735,-72.8692,528.8,11/18/19,0,0,0
USC00196989,42.735,-72.8692,528.8,11/19/19,0.59,0,0
USC00196989,42.735,-72.8692,528.8,11/20/19,0.23,1.1,1
USC00196989,42.735,-72.8692,528.8,11/21/19,0.03,0.3,1
USC00196989,42.735,-72.8692,528.8,11/22/19,0.07,0,1
USC00196989,42.735,-72.8692,528.8,11/23/19,0.03,0,1
USC00196989,42.735,-72.8692,528.8,11/24/19,0.45,1.7,2
USC00196989,42.735,-72.8692,528.8,11/25/19,0.5,0.4,2
USC00196989,42.735,-72.8692,528.8,11/26/19,0,0,1
USC00196989,42.735,-72.8692,528.8,11/27/19,0,0,0
USC00196989,42.735,-72.8692,528.8,11/28/19,0.46,0,0
USC00196989,42.735,-72.8692,528.8,11/29/19,0,0,0
USC00196989,42.735,-72.8692,528.8,11/30/19,0,0,0
USC00196989,42.735,-72.8692,528.8,12/1/19,0,0,0
USC00196989,42.735,-72.8692,528.8,12/2/19,1.49,16.4,16
USC00196989,42.735,-72.8692,528.8,12/3/19,0.4,3.9,19
USC00196989,42.735,-72.8692,528.8,12/4/19,0,0,16
USC00196989,42.735,-72.8692,528.8,12/5/19,0.01,0.1,15
USC00196989,42.735,-72.8692,528.8,12/6/19,0.01,0.1,14
USC00196989,42.735,-72.8692,528.8,12/7/19,0.22,1.9,15
USC00196989,42.735,-72.8692,528.8,12/8/19,0,0,15
USC00196989,42.735,-72.8692,528.8,12/9/19,0,0,14
USC00196989,42.735,-72.8692,528.8,12/10/19,0.72,0,8
USC00196989,42.735,-72.8692,528.8,12/11/19,0.2,0.9,7
USC00196989,42.735,-72.8692,528.8,12/12/19,0,0,5
USC00196989,42.735,-72.8692,528.8,12/13/19,0,0,4
USC00196989,42.735,-72.8692,528.8,12/14/19,1.33,0,5
USC00196989,42.735,-72.8692,528.8,12/15/19,0.26,0.2,4
USC00196989,42.735,-72.8692,528.8,12/16/19,0.02,0.3,5
USC00196989,42.735,-72.8692,528.8,12/17/19,0.12,2.1,7
USC00196989,42.735,-72.8692,528.8,12/18/19,0.42,5.3,9
USC00196989,42.735,-72.8692,528.8,12/19/19,0.03,0.7,8
USC00196989,42.735,-72.8692,528.8,12/20/19,0,0,8
USC00196989,42.735,-72.8692,528.8,12/21/19,0,0,7
USC00196989,42.735,-72.8692,528.8,12/22/19,0,0,6
USC00196989,42.735,-72.8692,528.8,12/23/19,0,0,6
USC00196989,42.735,-72.8692,528.8,12/24/19,0,0,6
USC00196989,42.735,-72.8692,528.8,12/25/19,0,0,6
USC00196989,42.735,-72.8692,528.8,12/26/19,0,0,5
USC00196989,42.735,-72.8692,528.8,12/27/19,0.09,0.1,5
USC00196989,42.735,-72.8692,528.8,12/28/19,0.02,0,4
USC00196989,42.735,-72.8692,528.8,12/29/19,0,0,0
USC00196989,42.735,-72.8692,528.8,12/31/19,,3.2,8
USC00196989,42.735,-72.8692,528.8,1/1/20,0.06,,8
USC00196989,42.735,-72.8692,528.8,1/2/20,,,8
USC00196989,42.735,-72.8692,528.8,1/4/20,0.03,0,8
USC00196989,42.735,-72.8692,528.8,1/5/20,0.2,0.1,8
USC00196989,42.735,-72.8692,528.8,1/6/20,0.02,0.1,8
USC00196989,42.735,-72.8692,528.8,1/7/20,0.07,1.1,9
USC00196989,42.735,-72.8692,528.8,1/8/20,0,,8
USC00196989,42.735,-72.8692,528.8,1/9/20,0.06,1.1,9
USC00196989,42.735,-72.8692,528.8,1/10/20,0,,8
USC00196989,42.735,-72.8692,528.8,1/11/20,0,0,7
USC00196989,42.735,-72.8692,528.8,1/12/20,0.13,0,3
USC00196989,42.735,-72.8692,528.8,1/13/20,0,0,1
USC00196989,42.735,-72.8692,528.8,1/14/20,0.02,0,0
USC00196989,42.735,-72.8692,528.8,1/15/20,0.02,0.1,1
USC00196989,42.735,-72.8692,528.8,1/16/20,0.53,2.9,3
USC00196989,42.735,-72.8692,528.8,1/17/20,0.06,0.6,3
USC00196989,42.735,-72.8692,528.8,1/18/20,0,,3
USC00196989,42.735,-72.8692,528.8,1/20/20,0.06,0.8,8
USC00196989,42.735,-72.8692,528.8,1/21/20,0,0,8
USC00196989,42.735,-72.8692,528.8,1/22/20,0,0,7
USC00196989,42.735,-72.8692,528.8,1/23/20,0,0,7
USC00196989,42.735,-72.8692,528.8,1/24/20,0,0,6
USC00196989,42.735,-72.8692,528.8,1/25/20,0,0,6
USC00196989,42.735,-72.8692,528.8,1/26/20,0.87,0,5
USC00196989,42.735,-72.8692,528.8,1/28/20,0.02,0.2,5
USC00196989,42.735,-72.8692,528.8,1/29/20,0,0,5
USC00196989,42.735,-72.8692,528.8,1/30/20,0,0,5
USC00196989,42.735,-72.8692,528.8,1/31/20,0,0,5
USC00196989,42.735,-72.8692,528.8,2/1/20,0,0,5
USC00196989,42.735,-72.8692,528.8,2/2/20,0,0,5
USC00196989,42.735,-72.8692,528.8,2/3/20,0.01,0.1,5
USC00196989,42.735,-72.8692,528.8,2/4/20,0,0,5
USC00196989,42.735,-72.8692,528.8,2/5/20,0,0,4
USC00196989,42.735,-72.8692,528.8,2/6/20,0.5,1.7,6
USC00196989,42.735,-72.8692,528.8,2/7/20,0.36,0,6
USC00196989,42.735,-72.8692,528.8,2/8/20,0.57,0.8,6
USC00196989,42.735,-72.8692,528.8,2/9/20,0.01,0.1,6
USC00196989,42.735,-72.8692,528.8,2/10/20,0.28,3.7,10
USC00196989,42.735,-72.8692,528.8,2/11/20,0.27,1.9,11
USC00196989,42.735,-72.8692,528.8,2/12/20,0.01,0,10
USC00196989,42.735,-72.8692,528.8,2/13/20,0.45,3.1,13
USC00196989,42.735,-72.8692,528.8,2/14/20,0.07,0.3,13
USC00196989,42.735,-72.8692,528.8,2/15/20,0.02,0.2,12
USC00196989,42.735,-72.8692,528.8,2/16/20,0.06,0.9,13
USC00196989,42.735,-72.8692,528.8,2/17/20,0,0,12
USC00196989,42.735,-72.8692,528.8,2/18/20,0,,11
USC00196989,42.735,-72.8692,528.8,2/19/20,0.57,3.7,14